track_id,Clutter,Cormorants,Pigeons,Ducks,Geese,Gulls,Birds of Prey,Waders,Songbirds
6868504,0.0,0.0,0.0,0.0,0.0,0.0,0.0,0.0,0.0
6868536,0.0,0.0,0.0,0.0,0.0,0.0,0.0,0.0,0.0
6868565,0.0,0.0,0.0,0.0,0.0,0.0,0.0,0.0,0.0
6868861,0.0,0.0,0.0,0.0,0.0,0.0,0.0,0.0,0.0
6869275,0.0,0.0,0.0,0.0,0.0,0.0,0.0,0.0,0.0
6871418,0.0,0.0,0.0,0.0,0.0,0.0,0.0,0.0,0.0
6872996,0.0,0.0,0.0,0.0,0.0,0.0,0.0,0.0,0.0
6873817,0.0,0.0,0.0,0.0,0.0,0.0,0.0,0.0,0.0
6874023,0.0,0.0,0.0,0.0,0.0,0.0,0.0,0.0,0.0
6875504,0.0,0.0,0.0,0.0,0.0,0.0,0.0,0.0,0.0
6875899,0.0,0.0,0.0,0.0,0.0,0.0,0.0,0.0,0.0
6877293,0.0,0.0,0.0,0.0,0.0,0.0,0.0,0.0,0.0
6880408,0.0,0.0,0.0,0.0,0.0,0.0,0.0,0.0,0.0
6880690,0.0,0.0,0.0,0.0,0.0,0.0,0.0,0.0,0.0
6880833,0.0,0.0,0.0,0.0,0.0,0.0,0.0,0.0,0.0
6880956,0.0,0.0,0.0,0.0,0.0,0.0,0.0,0.0,0.0
6881733,0.0,0.0,0.0,0.0,0.0,0.0,0.0,0.0,0.0
6885154,0.0,0.0,0.0,0.0,0.0,0.0,0.0,0.0,0.0
6887294,0.0,0.0,0.0,0.0,0.0,0.0,0.0,0.0,0.0
6887586,0.0,0.0,0.0,0.0,0.0,0.0,0.0,0.0,0.0
6887600,0.0,0.0,0.0,0.0,0.0,0.0,0.0,0.0,0.0
6887637,0.0,0.0,0.0,0.0,0.0,0.0,0.0,0.0,0.0
6887702,0.0,0.0,0.0,0.0,0.0,0.0,0.0,0.0,0.0
6888243,0.0,0.0,0.0,0.0,0.0,0.0,0.0,0.0,0.0
6888737,0.0,0.0,0.0,0.0,0.0,0.0,0.0,0.0,0.0
6889024,0.0,0.0,0.0,0.0,0.0,0.0,0.0,0.0,0.0
6890285,0.0,0.0,0.0,0.0,0.0,0.0,0.0,0.0,0.0
6890416,0.0,0.0,0.0,0.0,0.0,0.0,0.0,0.0,0.0
6890579,0.0,0.0,0.0,0.0,0.0,0.0,0.0,0.0,0.0
6890917,0.0,0.0,0.0,0.0,0.0,0.0,0.0,0.0,0.0
6891091,0.0,0.0,0.0,0.0,0.0,0.0,0.0,0.0,0.0
6891208,0.0,0.0,0.0,0.0,0.0,0.0,0.0,0.0,0.0
6891245,0.0,0.0,0.0,0.0,0.0,0.0,0.0,0.0,0.0
6891309,0.0,0.0,0.0,0.0,0.0,0.0,0.0,0.0,0.0
6891366,0.0,0.0,0.0,0.0,0.0,0.0,0.0,0.0,0.0
6891473,0.0,0.0,0.0,0.0,0.0,0.0,0.0,0.0,0.0
6891484,0.0,0.0,0.0,0.0,0.0,0.0,0.0,0.0,0.0
6891531,0.0,0.0,0.0,0.0,0.0,0.0,0.0,0.0,0.0
6891557,0.0,0.0,0.0,0.0,0.0,0.0,0.0,0.0,0.0
6891579,0.0,0.0,0.0,0.0,0.0,0.0,0.0,0.0,0.0
6891867,0.0,0.0,0.0,0.0,0.0,0.0,0.0,0.0,0.0
6891888,0.0,0.0,0.0,0.0,0.0,0.0,0.0,0.0,0.0
6892297,0.0,0.0,0.0,0.0,0.0,0.0,0.0,0.0,0.0
6892562,0.0,0.0,0.0,0.0,0.0,0.0,0.0,0.0,0.0
6892587,0.0,0.0,0.0,0.0,0.0,0.0,0.0,0.0,0.0
6894293,0.0,0.0,0.0,0.0,0.0,0.0,0.0,0.0,0.0
6895609,0.0,0.0,0.0,0.0,0.0,0.0,0.0,0.0,0.0
6895723,0.0,0.0,0.0,0.0,0.0,0.0,0.0,0.0,0.0
6895905,0.0,0.0,0.0,0.0,0.0,0.0,0.0,0.0,0.0
6895906,0.0,0.0,0.0,0.0,0.0,0.0,0.0,0.0,0.0
6895927,0.0,0.0,0.0,0.0,0.0,0.0,0.0,0.0,0.0
6895938,0.0,0.0,0.0,0.0,0.0,0.0,0.0,0.0,0.0
6895939,0.0,0.0,0.0,0.0,0.0,0.0,0.0,0.0,0.0
6895948,0.0,0.0,0.0,0.0,0.0,0.0,0.0,0.0,0.0
6895973,0.0,0.0,0.0,0.0,0.0,0.0,0.0,0.0,0.0
6895974,0.0,0.0,0.0,0.0,0.0,0.0,0.0,0.0,0.0
6896754,0.0,0.0,0.0,0.0,0.0,0.0,0.0,0.0,0.0
6897915,0.0,0.0,0.0,0.0,0.0,0.0,0.0,0.0,0.0
6897964,0.0,0.0,0.0,0.0,0.0,0.0,0.0,0.0,0.0
6899282,0.0,0.0,0.0,0.0,0.0,0.0,0.0,0.0,0.0
6899294,0.0,0.0,0.0,0.0,0.0,0.0,0.0,0.0,0.0
6899376,0.0,0.0,0.0,0.0,0.0,0.0,0.0,0.0,0.0
6899506,0.0,0.0,0.0,0.0,0.0,0.0,0.0,0.0,0.0
6899530,0.0,0.0,0.0,0.0,0.0,0.0,0.0,0.0,0.0
6899560,0.0,0.0,0.0,0.0,0.0,0.0,0.0,0.0,0.0
6899670,0.0,0.0,0.0,0.0,0.0,0.0,0.0,0.0,0.0
6899695,0.0,0.0,0.0,0.0,0.0,0.0,0.0,0.0,0.0
6899730,0.0,0.0,0.0,0.0,0.0,0.0,0.0,0.0,0.0
6899754,0.0,0.0,0.0,0.0,0.0,0.0,0.0,0.0,0.0
6901206,0.0,0.0,0.0,0.0,0.0,0.0,0.0,0.0,0.0
6902131,0.0,0.0,0.0,0.0,0.0,0.0,0.0,0.0,0.0
6902271,0.0,0.0,0.0,0.0,0.0,0.0,0.0,0.0,0.0
6904326,0.0,0.0,0.0,0.0,0.0,0.0,0.0,0.0,0.0
6908023,0.0,0.0,0.0,0.0,0.0,0.0,0.0,0.0,0.0
6908625,0.0,0.0,0.0,0.0,0.0,0.0,0.0,0.0,0.0
6909657,0.0,0.0,0.0,0.0,0.0,0.0,0.0,0.0,0.0
6909786,0.0,0.0,0.0,0.0,0.0,0.0,0.0,0.0,0.0
6909952,0.0,0.0,0.0,0.0,0.0,0.0,0.0,0.0,0.0
6910003,0.0,0.0,0.0,0.0,0.0,0.0,0.0,0.0,0.0
6910407,0.0,0.0,0.0,0.0,0.0,0.0,0.0,0.0,0.0
6910422,0.0,0.0,0.0,0.0,0.0,0.0,0.0,0.0,0.0
6910425,0.0,0.0,0.0,0.0,0.0,0.0,0.0,0.0,0.0
6910560,0.0,0.0,0.0,0.0,0.0,0.0,0.0,0.0,0.0
6910590,0.0,0.0,0.0,0.0,0.0,0.0,0.0,0.0,0.0
6912744,0.0,0.0,0.0,0.0,0.0,0.0,0.0,0.0,0.0
6919118,0.0,0.0,0.0,0.0,0.0,0.0,0.0,0.0,0.0
6920152,0.0,0.0,0.0,0.0,0.0,0.0,0.0,0.0,0.0
6925791,0.0,0.0,0.0,0.0,0.0,0.0,0.0,0.0,0.0
6926246,0.0,0.0,0.0,0.0,0.0,0.0,0.0,0.0,0.0
6928841,0.0,0.0,0.0,0.0,0.0,0.0,0.0,0.0,0.0
6928933,0.0,0.0,0.0,0.0,0.0,0.0,0.0,0.0,0.0
6937241,0.0,0.0,0.0,0.0,0.0,0.0,0.0,0.0,0.0
6938426,0.0,0.0,0.0,0.0,0.0,0.0,0.0,0.0,0.0
6938530,0.0,0.0,0.0,0.0,0.0,0.0,0.0,0.0,0.0
6938682,0.0,0.0,0.0,0.0,0.0,0.0,0.0,0.0,0.0
6939166,0.0,0.0,0.0,0.0,0.0,0.0,0.0,0.0,0.0
6939222,0.0,0.0,0.0,0.0,0.0,0.0,0.0,0.0,0.0
6944591,0.0,0.0,0.0,0.0,0.0,0.0,0.0,0.0,0.0
6947293,0.0,0.0,0.0,0.0,0.0,0.0,0.0,0.0,0.0
6952804,0.0,0.0,0.0,0.0,0.0,0.0,0.0,0.0,0.0
6975207,0.0,0.0,0.0,0.0,0.0,0.0,0.0,0.0,0.0
6975472,0.0,0.0,0.0,0.0,0.0,0.0,0.0,0.0,0.0
6975490,0.0,0.0,0.0,0.0,0.0,0.0,0.0,0.0,0.0
6976427,0.0,0.0,0.0,0.0,0.0,0.0,0.0,0.0,0.0
10551287,0.0,0.0,0.0,0.0,0.0,0.0,0.0,0.0,0.0
10554874,0.0,0.0,0.0,0.0,0.0,0.0,0.0,0.0,0.0
10555071,0.0,0.0,0.0,0.0,0.0,0.0,0.0,0.0,0.0
10555459,0.0,0.0,0.0,0.0,0.0,0.0,0.0,0.0,0.0
10555968,0.0,0.0,0.0,0.0,0.0,0.0,0.0,0.0,0.0
10556692,0.0,0.0,0.0,0.0,0.0,0.0,0.0,0.0,0.0
10557065,0.0,0.0,0.0,0.0,0.0,0.0,0.0,0.0,0.0
10557235,0.0,0.0,0.0,0.0,0.0,0.0,0.0,0.0,0.0
10557310,0.0,0.0,0.0,0.0,0.0,0.0,0.0,0.0,0.0
10557603,0.0,0.0,0.0,0.0,0.0,0.0,0.0,0.0,0.0
10557649,0.0,0.0,0.0,0.0,0.0,0.0,0.0,0.0,0.0
10559369,0.0,0.0,0.0,0.0,0.0,0.0,0.0,0.0,0.0
10559516,0.0,0.0,0.0,0.0,0.0,0.0,0.0,0.0,0.0
10559765,0.0,0.0,0.0,0.0,0.0,0.0,0.0,0.0,0.0
10559904,0.0,0.0,0.0,0.0,0.0,0.0,0.0,0.0,0.0
10561136,0.0,0.0,0.0,0.0,0.0,0.0,0.0,0.0,0.0
10561583,0.0,0.0,0.0,0.0,0.0,0.0,0.0,0.0,0.0
10561870,0.0,0.0,0.0,0.0,0.0,0.0,0.0,0.0,0.0
10562711,0.0,0.0,0.0,0.0,0.0,0.0,0.0,0.0,0.0
10566953,0.0,0.0,0.0,0.0,0.0,0.0,0.0,0.0,0.0
10567563,0.0,0.0,0.0,0.0,0.0,0.0,0.0,0.0,0.0
10568512,0.0,0.0,0.0,0.0,0.0,0.0,0.0,0.0,0.0
10569249,0.0,0.0,0.0,0.0,0.0,0.0,0.0,0.0,0.0
10569900,0.0,0.0,0.0,0.0,0.0,0.0,0.0,0.0,0.0
10569996,0.0,0.0,0.0,0.0,0.0,0.0,0.0,0.0,0.0
10570047,0.0,0.0,0.0,0.0,0.0,0.0,0.0,0.0,0.0
10570186,0.0,0.0,0.0,0.0,0.0,0.0,0.0,0.0,0.0
10570190,0.0,0.0,0.0,0.0,0.0,0.0,0.0,0.0,0.0
10570281,0.0,0.0,0.0,0.0,0.0,0.0,0.0,0.0,0.0
10570444,0.0,0.0,0.0,0.0,0.0,0.0,0.0,0.0,0.0
10570516,0.0,0.0,0.0,0.0,0.0,0.0,0.0,0.0,0.0
10570563,0.0,0.0,0.0,0.0,0.0,0.0,0.0,0.0,0.0
10570908,0.0,0.0,0.0,0.0,0.0,0.0,0.0,0.0,0.0
10570962,0.0,0.0,0.0,0.0,0.0,0.0,0.0,0.0,0.0
10571126,0.0,0.0,0.0,0.0,0.0,0.0,0.0,0.0,0.0
10571129,0.0,0.0,0.0,0.0,0.0,0.0,0.0,0.0,0.0
10571130,0.0,0.0,0.0,0.0,0.0,0.0,0.0,0.0,0.0
10571150,0.0,0.0,0.0,0.0,0.0,0.0,0.0,0.0,0.0
10571157,0.0,0.0,0.0,0.0,0.0,0.0,0.0,0.0,0.0
10571249,0.0,0.0,0.0,0.0,0.0,0.0,0.0,0.0,0.0
10571563,0.0,0.0,0.0,0.0,0.0,0.0,0.0,0.0,0.0
10571600,0.0,0.0,0.0,0.0,0.0,0.0,0.0,0.0,0.0
10573894,0.0,0.0,0.0,0.0,0.0,0.0,0.0,0.0,0.0
10574347,0.0,0.0,0.0,0.0,0.0,0.0,0.0,0.0,0.0
10574370,0.0,0.0,0.0,0.0,0.0,0.0,0.0,0.0,0.0
10574372,0.0,0.0,0.0,0.0,0.0,0.0,0.0,0.0,0.0
10574408,0.0,0.0,0.0,0.0,0.0,0.0,0.0,0.0,0.0
10574430,0.0,0.0,0.0,0.0,0.0,0.0,0.0,0.0,0.0
10574439,0.0,0.0,0.0,0.0,0.0,0.0,0.0,0.0,0.0
10574456,0.0,0.0,0.0,0.0,0.0,0.0,0.0,0.0,0.0
10576038,0.0,0.0,0.0,0.0,0.0,0.0,0.0,0.0,0.0
10576770,0.0,0.0,0.0,0.0,0.0,0.0,0.0,0.0,0.0
10577118,0.0,0.0,0.0,0.0,0.0,0.0,0.0,0.0,0.0
10577354,0.0,0.0,0.0,0.0,0.0,0.0,0.0,0.0,0.0
10577622,0.0,0.0,0.0,0.0,0.0,0.0,0.0,0.0,0.0
10577723,0.0,0.0,0.0,0.0,0.0,0.0,0.0,0.0,0.0
10578130,0.0,0.0,0.0,0.0,0.0,0.0,0.0,0.0,0.0
10578295,0.0,0.0,0.0,0.0,0.0,0.0,0.0,0.0,0.0
10579132,0.0,0.0,0.0,0.0,0.0,0.0,0.0,0.0,0.0
10579372,0.0,0.0,0.0,0.0,0.0,0.0,0.0,0.0,0.0
10579452,0.0,0.0,0.0,0.0,0.0,0.0,0.0,0.0,0.0
10579754,0.0,0.0,0.0,0.0,0.0,0.0,0.0,0.0,0.0
10580098,0.0,0.0,0.0,0.0,0.0,0.0,0.0,0.0,0.0
10580150,0.0,0.0,0.0,0.0,0.0,0.0,0.0,0.0,0.0
10580642,0.0,0.0,0.0,0.0,0.0,0.0,0.0,0.0,0.0
10580740,0.0,0.0,0.0,0.0,0.0,0.0,0.0,0.0,0.0
10580745,0.0,0.0,0.0,0.0,0.0,0.0,0.0,0.0,0.0
10580771,0.0,0.0,0.0,0.0,0.0,0.0,0.0,0.0,0.0
10580995,0.0,0.0,0.0,0.0,0.0,0.0,0.0,0.0,0.0
10581310,0.0,0.0,0.0,0.0,0.0,0.0,0.0,0.0,0.0
10581368,0.0,0.0,0.0,0.0,0.0,0.0,0.0,0.0,0.0
10582173,0.0,0.0,0.0,0.0,0.0,0.0,0.0,0.0,0.0
10582418,0.0,0.0,0.0,0.0,0.0,0.0,0.0,0.0,0.0
10583009,0.0,0.0,0.0,0.0,0.0,0.0,0.0,0.0,0.0
10583434,0.0,0.0,0.0,0.0,0.0,0.0,0.0,0.0,0.0
10583521,0.0,0.0,0.0,0.0,0.0,0.0,0.0,0.0,0.0
10584210,0.0,0.0,0.0,0.0,0.0,0.0,0.0,0.0,0.0
10584222,0.0,0.0,0.0,0.0,0.0,0.0,0.0,0.0,0.0
10584314,0.0,0.0,0.0,0.0,0.0,0.0,0.0,0.0,0.0
10584430,0.0,0.0,0.0,0.0,0.0,0.0,0.0,0.0,0.0
10584519,0.0,0.0,0.0,0.0,0.0,0.0,0.0,0.0,0.0
10584820,0.0,0.0,0.0,0.0,0.0,0.0,0.0,0.0,0.0
10585136,0.0,0.0,0.0,0.0,0.0,0.0,0.0,0.0,0.0
10586849,0.0,0.0,0.0,0.0,0.0,0.0,0.0,0.0,0.0
10587734,0.0,0.0,0.0,0.0,0.0,0.0,0.0,0.0,0.0
10587840,0.0,0.0,0.0,0.0,0.0,0.0,0.0,0.0,0.0
10588529,0.0,0.0,0.0,0.0,0.0,0.0,0.0,0.0,0.0
10588664,0.0,0.0,0.0,0.0,0.0,0.0,0.0,0.0,0.0
10588792,0.0,0.0,0.0,0.0,0.0,0.0,0.0,0.0,0.0
10589349,0.0,0.0,0.0,0.0,0.0,0.0,0.0,0.0,0.0
10589410,0.0,0.0,0.0,0.0,0.0,0.0,0.0,0.0,0.0
10589411,0.0,0.0,0.0,0.0,0.0,0.0,0.0,0.0,0.0
10589472,0.0,0.0,0.0,0.0,0.0,0.0,0.0,0.0,0.0
10589485,0.0,0.0,0.0,0.0,0.0,0.0,0.0,0.0,0.0
10589763,0.0,0.0,0.0,0.0,0.0,0.0,0.0,0.0,0.0
10590733,0.0,0.0,0.0,0.0,0.0,0.0,0.0,0.0,0.0
10592587,0.0,0.0,0.0,0.0,0.0,0.0,0.0,0.0,0.0
10592944,0.0,0.0,0.0,0.0,0.0,0.0,0.0,0.0,0.0
10595034,0.0,0.0,0.0,0.0,0.0,0.0,0.0,0.0,0.0
10596119,0.0,0.0,0.0,0.0,0.0,0.0,0.0,0.0,0.0
10599481,0.0,0.0,0.0,0.0,0.0,0.0,0.0,0.0,0.0
10599552,0.0,0.0,0.0,0.0,0.0,0.0,0.0,0.0,0.0
10599609,0.0,0.0,0.0,0.0,0.0,0.0,0.0,0.0,0.0
10599643,0.0,0.0,0.0,0.0,0.0,0.0,0.0,0.0,0.0
10599718,0.0,0.0,0.0,0.0,0.0,0.0,0.0,0.0,0.0
10599755,0.0,0.0,0.0,0.0,0.0,0.0,0.0,0.0,0.0
10599776,0.0,0.0,0.0,0.0,0.0,0.0,0.0,0.0,0.0
10599823,0.0,0.0,0.0,0.0,0.0,0.0,0.0,0.0,0.0
10599926,0.0,0.0,0.0,0.0,0.0,0.0,0.0,0.0,0.0
10600363,0.0,0.0,0.0,0.0,0.0,0.0,0.0,0.0,0.0
10600655,0.0,0.0,0.0,0.0,0.0,0.0,0.0,0.0,0.0
10600700,0.0,0.0,0.0,0.0,0.0,0.0,0.0,0.0,0.0
10600716,0.0,0.0,0.0,0.0,0.0,0.0,0.0,0.0,0.0
10600717,0.0,0.0,0.0,0.0,0.0,0.0,0.0,0.0,0.0
10600746,0.0,0.0,0.0,0.0,0.0,0.0,0.0,0.0,0.0
10602334,0.0,0.0,0.0,0.0,0.0,0.0,0.0,0.0,0.0
10602555,0.0,0.0,0.0,0.0,0.0,0.0,0.0,0.0,0.0
10602707,0.0,0.0,0.0,0.0,0.0,0.0,0.0,0.0,0.0
10602774,0.0,0.0,0.0,0.0,0.0,0.0,0.0,0.0,0.0
10602968,0.0,0.0,0.0,0.0,0.0,0.0,0.0,0.0,0.0
10603667,0.0,0.0,0.0,0.0,0.0,0.0,0.0,0.0,0.0
10603790,0.0,0.0,0.0,0.0,0.0,0.0,0.0,0.0,0.0
10603793,0.0,0.0,0.0,0.0,0.0,0.0,0.0,0.0,0.0
10603811,0.0,0.0,0.0,0.0,0.0,0.0,0.0,0.0,0.0
10603826,0.0,0.0,0.0,0.0,0.0,0.0,0.0,0.0,0.0
10603843,0.0,0.0,0.0,0.0,0.0,0.0,0.0,0.0,0.0
10603847,0.0,0.0,0.0,0.0,0.0,0.0,0.0,0.0,0.0
10603856,0.0,0.0,0.0,0.0,0.0,0.0,0.0,0.0,0.0
10603858,0.0,0.0,0.0,0.0,0.0,0.0,0.0,0.0,0.0
10604136,0.0,0.0,0.0,0.0,0.0,0.0,0.0,0.0,0.0
10604299,0.0,0.0,0.0,0.0,0.0,0.0,0.0,0.0,0.0
10604888,0.0,0.0,0.0,0.0,0.0,0.0,0.0,0.0,0.0
10605284,0.0,0.0,0.0,0.0,0.0,0.0,0.0,0.0,0.0
10607892,0.0,0.0,0.0,0.0,0.0,0.0,0.0,0.0,0.0
10608352,0.0,0.0,0.0,0.0,0.0,0.0,0.0,0.0,0.0
10610526,0.0,0.0,0.0,0.0,0.0,0.0,0.0,0.0,0.0
10610534,0.0,0.0,0.0,0.0,0.0,0.0,0.0,0.0,0.0
10610659,0.0,0.0,0.0,0.0,0.0,0.0,0.0,0.0,0.0
10611077,0.0,0.0,0.0,0.0,0.0,0.0,0.0,0.0,0.0
10611150,0.0,0.0,0.0,0.0,0.0,0.0,0.0,0.0,0.0
10612960,0.0,0.0,0.0,0.0,0.0,0.0,0.0,0.0,0.0
10613432,0.0,0.0,0.0,0.0,0.0,0.0,0.0,0.0,0.0
10615359,0.0,0.0,0.0,0.0,0.0,0.0,0.0,0.0,0.0
10616063,0.0,0.0,0.0,0.0,0.0,0.0,0.0,0.0,0.0
10616067,0.0,0.0,0.0,0.0,0.0,0.0,0.0,0.0,0.0
10616344,0.0,0.0,0.0,0.0,0.0,0.0,0.0,0.0,0.0
10616646,0.0,0.0,0.0,0.0,0.0,0.0,0.0,0.0,0.0
10617233,0.0,0.0,0.0,0.0,0.0,0.0,0.0,0.0,0.0
10625331,0.0,0.0,0.0,0.0,0.0,0.0,0.0,0.0,0.0
10625616,0.0,0.0,0.0,0.0,0.0,0.0,0.0,0.0,0.0
10625848,0.0,0.0,0.0,0.0,0.0,0.0,0.0,0.0,0.0
10629182,0.0,0.0,0.0,0.0,0.0,0.0,0.0,0.0,0.0
10629593,0.0,0.0,0.0,0.0,0.0,0.0,0.0,0.0,0.0
10631640,0.0,0.0,0.0,0.0,0.0,0.0,0.0,0.0,0.0
10631716,0.0,0.0,0.0,0.0,0.0,0.0,0.0,0.0,0.0
10631762,0.0,0.0,0.0,0.0,0.0,0.0,0.0,0.0,0.0
10631811,0.0,0.0,0.0,0.0,0.0,0.0,0.0,0.0,0.0
10631837,0.0,0.0,0.0,0.0,0.0,0.0,0.0,0.0,0.0
10631847,0.0,0.0,0.0,0.0,0.0,0.0,0.0,0.0,0.0
10631868,0.0,0.0,0.0,0.0,0.0,0.0,0.0,0.0,0.0
10633681,0.0,0.0,0.0,0.0,0.0,0.0,0.0,0.0,0.0
10634284,0.0,0.0,0.0,0.0,0.0,0.0,0.0,0.0,0.0
10634751,0.0,0.0,0.0,0.0,0.0,0.0,0.0,0.0,0.0
10634784,0.0,0.0,0.0,0.0,0.0,0.0,0.0,0.0,0.0
14964636,0.0,0.0,0.0,0.0,0.0,0.0,0.0,0.0,0.0
14965242,0.0,0.0,0.0,0.0,0.0,0.0,0.0,0.0,0.0
14965666,0.0,0.0,0.0,0.0,0.0,0.0,0.0,0.0,0.0
14972026,0.0,0.0,0.0,0.0,0.0,0.0,0.0,0.0,0.0
14972090,0.0,0.0,0.0,0.0,0.0,0.0,0.0,0.0,0.0
14974044,0.0,0.0,0.0,0.0,0.0,0.0,0.0,0.0,0.0
14974586,0.0,0.0,0.0,0.0,0.0,0.0,0.0,0.0,0.0
14975479,0.0,0.0,0.0,0.0,0.0,0.0,0.0,0.0,0.0
14976063,0.0,0.0,0.0,0.0,0.0,0.0,0.0,0.0,0.0
14976076,0.0,0.0,0.0,0.0,0.0,0.0,0.0,0.0,0.0
14976116,0.0,0.0,0.0,0.0,0.0,0.0,0.0,0.0,0.0
14976137,0.0,0.0,0.0,0.0,0.0,0.0,0.0,0.0,0.0
14976834,0.0,0.0,0.0,0.0,0.0,0.0,0.0,0.0,0.0
14978764,0.0,0.0,0.0,0.0,0.0,0.0,0.0,0.0,0.0
14981625,0.0,0.0,0.0,0.0,0.0,0.0,0.0,0.0,0.0
14981687,0.0,0.0,0.0,0.0,0.0,0.0,0.0,0.0,0.0
14981722,0.0,0.0,0.0,0.0,0.0,0.0,0.0,0.0,0.0
14984061,0.0,0.0,0.0,0.0,0.0,0.0,0.0,0.0,0.0
14984105,0.0,0.0,0.0,0.0,0.0,0.0,0.0,0.0,0.0
14985917,0.0,0.0,0.0,0.0,0.0,0.0,0.0,0.0,0.0
14985959,0.0,0.0,0.0,0.0,0.0,0.0,0.0,0.0,0.0
14986272,0.0,0.0,0.0,0.0,0.0,0.0,0.0,0.0,0.0
14986784,0.0,0.0,0.0,0.0,0.0,0.0,0.0,0.0,0.0
14988721,0.0,0.0,0.0,0.0,0.0,0.0,0.0,0.0,0.0
14988743,0.0,0.0,0.0,0.0,0.0,0.0,0.0,0.0,0.0
14988773,0.0,0.0,0.0,0.0,0.0,0.0,0.0,0.0,0.0
14991846,0.0,0.0,0.0,0.0,0.0,0.0,0.0,0.0,0.0
14993381,0.0,0.0,0.0,0.0,0.0,0.0,0.0,0.0,0.0
14993467,0.0,0.0,0.0,0.0,0.0,0.0,0.0,0.0,0.0
14993499,0.0,0.0,0.0,0.0,0.0,0.0,0.0,0.0,0.0
14993756,0.0,0.0,0.0,0.0,0.0,0.0,0.0,0.0,0.0
14993805,0.0,0.0,0.0,0.0,0.0,0.0,0.0,0.0,0.0
14993862,0.0,0.0,0.0,0.0,0.0,0.0,0.0,0.0,0.0
14993915,0.0,0.0,0.0,0.0,0.0,0.0,0.0,0.0,0.0
14994055,0.0,0.0,0.0,0.0,0.0,0.0,0.0,0.0,0.0
14994074,0.0,0.0,0.0,0.0,0.0,0.0,0.0,0.0,0.0
14994471,0.0,0.0,0.0,0.0,0.0,0.0,0.0,0.0,0.0
14994472,0.0,0.0,0.0,0.0,0.0,0.0,0.0,0.0,0.0
14997775,0.0,0.0,0.0,0.0,0.0,0.0,0.0,0.0,0.0
14999004,0.0,0.0,0.0,0.0,0.0,0.0,0.0,0.0,0.0
15001560,0.0,0.0,0.0,0.0,0.0,0.0,0.0,0.0,0.0
15001613,0.0,0.0,0.0,0.0,0.0,0.0,0.0,0.0,0.0
15001738,0.0,0.0,0.0,0.0,0.0,0.0,0.0,0.0,0.0
15004811,0.0,0.0,0.0,0.0,0.0,0.0,0.0,0.0,0.0
15008061,0.0,0.0,0.0,0.0,0.0,0.0,0.0,0.0,0.0
15008213,0.0,0.0,0.0,0.0,0.0,0.0,0.0,0.0,0.0
15008611,0.0,0.0,0.0,0.0,0.0,0.0,0.0,0.0,0.0
15019961,0.0,0.0,0.0,0.0,0.0,0.0,0.0,0.0,0.0
15020343,0.0,0.0,0.0,0.0,0.0,0.0,0.0,0.0,0.0
15020355,0.0,0.0,0.0,0.0,0.0,0.0,0.0,0.0,0.0
15020443,0.0,0.0,0.0,0.0,0.0,0.0,0.0,0.0,0.0
15020475,0.0,0.0,0.0,0.0,0.0,0.0,0.0,0.0,0.0
15020478,0.0,0.0,0.0,0.0,0.0,0.0,0.0,0.0,0.0
15020616,0.0,0.0,0.0,0.0,0.0,0.0,0.0,0.0,0.0
15020628,0.0,0.0,0.0,0.0,0.0,0.0,0.0,0.0,0.0
15020872,0.0,0.0,0.0,0.0,0.0,0.0,0.0,0.0,0.0
15021128,0.0,0.0,0.0,0.0,0.0,0.0,0.0,0.0,0.0
15021160,0.0,0.0,0.0,0.0,0.0,0.0,0.0,0.0,0.0
15021257,0.0,0.0,0.0,0.0,0.0,0.0,0.0,0.0,0.0
15021684,0.0,0.0,0.0,0.0,0.0,0.0,0.0,0.0,0.0
15021692,0.0,0.0,0.0,0.0,0.0,0.0,0.0,0.0,0.0
15021701,0.0,0.0,0.0,0.0,0.0,0.0,0.0,0.0,0.0
15021774,0.0,0.0,0.0,0.0,0.0,0.0,0.0,0.0,0.0
15021895,0.0,0.0,0.0,0.0,0.0,0.0,0.0,0.0,0.0
15022136,0.0,0.0,0.0,0.0,0.0,0.0,0.0,0.0,0.0
15022196,0.0,0.0,0.0,0.0,0.0,0.0,0.0,0.0,0.0
15022379,0.0,0.0,0.0,0.0,0.0,0.0,0.0,0.0,0.0
15022812,0.0,0.0,0.0,0.0,0.0,0.0,0.0,0.0,0.0
15023358,0.0,0.0,0.0,0.0,0.0,0.0,0.0,0.0,0.0
15025120,0.0,0.0,0.0,0.0,0.0,0.0,0.0,0.0,0.0
15026359,0.0,0.0,0.0,0.0,0.0,0.0,0.0,0.0,0.0
15026505,0.0,0.0,0.0,0.0,0.0,0.0,0.0,0.0,0.0
15027149,0.0,0.0,0.0,0.0,0.0,0.0,0.0,0.0,0.0
15027656,0.0,0.0,0.0,0.0,0.0,0.0,0.0,0.0,0.0
15029423,0.0,0.0,0.0,0.0,0.0,0.0,0.0,0.0,0.0
15030927,0.0,0.0,0.0,0.0,0.0,0.0,0.0,0.0,0.0
15030980,0.0,0.0,0.0,0.0,0.0,0.0,0.0,0.0,0.0
15031320,0.0,0.0,0.0,0.0,0.0,0.0,0.0,0.0,0.0
15031685,0.0,0.0,0.0,0.0,0.0,0.0,0.0,0.0,0.0
15032898,0.0,0.0,0.0,0.0,0.0,0.0,0.0,0.0,0.0
15032900,0.0,0.0,0.0,0.0,0.0,0.0,0.0,0.0,0.0
15032928,0.0,0.0,0.0,0.0,0.0,0.0,0.0,0.0,0.0
15033174,0.0,0.0,0.0,0.0,0.0,0.0,0.0,0.0,0.0
15033276,0.0,0.0,0.0,0.0,0.0,0.0,0.0,0.0,0.0
15033325,0.0,0.0,0.0,0.0,0.0,0.0,0.0,0.0,0.0
15034238,0.0,0.0,0.0,0.0,0.0,0.0,0.0,0.0,0.0
15034502,0.0,0.0,0.0,0.0,0.0,0.0,0.0,0.0,0.0
15034629,0.0,0.0,0.0,0.0,0.0,0.0,0.0,0.0,0.0
15035001,0.0,0.0,0.0,0.0,0.0,0.0,0.0,0.0,0.0
15035009,0.0,0.0,0.0,0.0,0.0,0.0,0.0,0.0,0.0
15035907,0.0,0.0,0.0,0.0,0.0,0.0,0.0,0.0,0.0
15035992,0.0,0.0,0.0,0.0,0.0,0.0,0.0,0.0,0.0
15036249,0.0,0.0,0.0,0.0,0.0,0.0,0.0,0.0,0.0
15036548,0.0,0.0,0.0,0.0,0.0,0.0,0.0,0.0,0.0
15039526,0.0,0.0,0.0,0.0,0.0,0.0,0.0,0.0,0.0
15039570,0.0,0.0,0.0,0.0,0.0,0.0,0.0,0.0,0.0
15039573,0.0,0.0,0.0,0.0,0.0,0.0,0.0,0.0,0.0
15039604,0.0,0.0,0.0,0.0,0.0,0.0,0.0,0.0,0.0
15039605,0.0,0.0,0.0,0.0,0.0,0.0,0.0,0.0,0.0
15039606,0.0,0.0,0.0,0.0,0.0,0.0,0.0,0.0,0.0
15039607,0.0,0.0,0.0,0.0,0.0,0.0,0.0,0.0,0.0
15039619,0.0,0.0,0.0,0.0,0.0,0.0,0.0,0.0,0.0
15039670,0.0,0.0,0.0,0.0,0.0,0.0,0.0,0.0,0.0
15039706,0.0,0.0,0.0,0.0,0.0,0.0,0.0,0.0,0.0
15039727,0.0,0.0,0.0,0.0,0.0,0.0,0.0,0.0,0.0
15039753,0.0,0.0,0.0,0.0,0.0,0.0,0.0,0.0,0.0
15039779,0.0,0.0,0.0,0.0,0.0,0.0,0.0,0.0,0.0
15039847,0.0,0.0,0.0,0.0,0.0,0.0,0.0,0.0,0.0
15039953,0.0,0.0,0.0,0.0,0.0,0.0,0.0,0.0,0.0
15040005,0.0,0.0,0.0,0.0,0.0,0.0,0.0,0.0,0.0
15040385,0.0,0.0,0.0,0.0,0.0,0.0,0.0,0.0,0.0
15040821,0.0,0.0,0.0,0.0,0.0,0.0,0.0,0.0,0.0
15040857,0.0,0.0,0.0,0.0,0.0,0.0,0.0,0.0,0.0
15041986,0.0,0.0,0.0,0.0,0.0,0.0,0.0,0.0,0.0
15042110,0.0,0.0,0.0,0.0,0.0,0.0,0.0,0.0,0.0
15042130,0.0,0.0,0.0,0.0,0.0,0.0,0.0,0.0,0.0
15042158,0.0,0.0,0.0,0.0,0.0,0.0,0.0,0.0,0.0
15042268,0.0,0.0,0.0,0.0,0.0,0.0,0.0,0.0,0.0
15043753,0.0,0.0,0.0,0.0,0.0,0.0,0.0,0.0,0.0
15043834,0.0,0.0,0.0,0.0,0.0,0.0,0.0,0.0,0.0
15043839,0.0,0.0,0.0,0.0,0.0,0.0,0.0,0.0,0.0
15044458,0.0,0.0,0.0,0.0,0.0,0.0,0.0,0.0,0.0
15044472,0.0,0.0,0.0,0.0,0.0,0.0,0.0,0.0,0.0
15044738,0.0,0.0,0.0,0.0,0.0,0.0,0.0,0.0,0.0
15045093,0.0,0.0,0.0,0.0,0.0,0.0,0.0,0.0,0.0
15045554,0.0,0.0,0.0,0.0,0.0,0.0,0.0,0.0,0.0
15045558,0.0,0.0,0.0,0.0,0.0,0.0,0.0,0.0,0.0
15045579,0.0,0.0,0.0,0.0,0.0,0.0,0.0,0.0,0.0
15045654,0.0,0.0,0.0,0.0,0.0,0.0,0.0,0.0,0.0
15045792,0.0,0.0,0.0,0.0,0.0,0.0,0.0,0.0,0.0
15045893,0.0,0.0,0.0,0.0,0.0,0.0,0.0,0.0,0.0
15046221,0.0,0.0,0.0,0.0,0.0,0.0,0.0,0.0,0.0
15046234,0.0,0.0,0.0,0.0,0.0,0.0,0.0,0.0,0.0
15046237,0.0,0.0,0.0,0.0,0.0,0.0,0.0,0.0,0.0
15046520,0.0,0.0,0.0,0.0,0.0,0.0,0.0,0.0,0.0
15049213,0.0,0.0,0.0,0.0,0.0,0.0,0.0,0.0,0.0
15049624,0.0,0.0,0.0,0.0,0.0,0.0,0.0,0.0,0.0
15049791,0.0,0.0,0.0,0.0,0.0,0.0,0.0,0.0,0.0
15049898,0.0,0.0,0.0,0.0,0.0,0.0,0.0,0.0,0.0
15050105,0.0,0.0,0.0,0.0,0.0,0.0,0.0,0.0,0.0
15050202,0.0,0.0,0.0,0.0,0.0,0.0,0.0,0.0,0.0
15050310,0.0,0.0,0.0,0.0,0.0,0.0,0.0,0.0,0.0
15050463,0.0,0.0,0.0,0.0,0.0,0.0,0.0,0.0,0.0
15050557,0.0,0.0,0.0,0.0,0.0,0.0,0.0,0.0,0.0
15051367,0.0,0.0,0.0,0.0,0.0,0.0,0.0,0.0,0.0
15051372,0.0,0.0,0.0,0.0,0.0,0.0,0.0,0.0,0.0
15051440,0.0,0.0,0.0,0.0,0.0,0.0,0.0,0.0,0.0
15051458,0.0,0.0,0.0,0.0,0.0,0.0,0.0,0.0,0.0
15051493,0.0,0.0,0.0,0.0,0.0,0.0,0.0,0.0,0.0
15051514,0.0,0.0,0.0,0.0,0.0,0.0,0.0,0.0,0.0
15051526,0.0,0.0,0.0,0.0,0.0,0.0,0.0,0.0,0.0
15051944,0.0,0.0,0.0,0.0,0.0,0.0,0.0,0.0,0.0
15052019,0.0,0.0,0.0,0.0,0.0,0.0,0.0,0.0,0.0
15052565,0.0,0.0,0.0,0.0,0.0,0.0,0.0,0.0,0.0
15052976,0.0,0.0,0.0,0.0,0.0,0.0,0.0,0.0,0.0
15053085,0.0,0.0,0.0,0.0,0.0,0.0,0.0,0.0,0.0
15053109,0.0,0.0,0.0,0.0,0.0,0.0,0.0,0.0,0.0
15053168,0.0,0.0,0.0,0.0,0.0,0.0,0.0,0.0,0.0
15055032,0.0,0.0,0.0,0.0,0.0,0.0,0.0,0.0,0.0
15055131,0.0,0.0,0.0,0.0,0.0,0.0,0.0,0.0,0.0
15056263,0.0,0.0,0.0,0.0,0.0,0.0,0.0,0.0,0.0
15056325,0.0,0.0,0.0,0.0,0.0,0.0,0.0,0.0,0.0
15056446,0.0,0.0,0.0,0.0,0.0,0.0,0.0,0.0,0.0
15057064,0.0,0.0,0.0,0.0,0.0,0.0,0.0,0.0,0.0
15057224,0.0,0.0,0.0,0.0,0.0,0.0,0.0,0.0,0.0
15057243,0.0,0.0,0.0,0.0,0.0,0.0,0.0,0.0,0.0
15057248,0.0,0.0,0.0,0.0,0.0,0.0,0.0,0.0,0.0
15057289,0.0,0.0,0.0,0.0,0.0,0.0,0.0,0.0,0.0
15057296,0.0,0.0,0.0,0.0,0.0,0.0,0.0,0.0,0.0
15057304,0.0,0.0,0.0,0.0,0.0,0.0,0.0,0.0,0.0
15058303,0.0,0.0,0.0,0.0,0.0,0.0,0.0,0.0,0.0
15058305,0.0,0.0,0.0,0.0,0.0,0.0,0.0,0.0,0.0
15058429,0.0,0.0,0.0,0.0,0.0,0.0,0.0,0.0,0.0
15058514,0.0,0.0,0.0,0.0,0.0,0.0,0.0,0.0,0.0
15058557,0.0,0.0,0.0,0.0,0.0,0.0,0.0,0.0,0.0
15058570,0.0,0.0,0.0,0.0,0.0,0.0,0.0,0.0,0.0
15058887,0.0,0.0,0.0,0.0,0.0,0.0,0.0,0.0,0.0
15058936,0.0,0.0,0.0,0.0,0.0,0.0,0.0,0.0,0.0
15058967,0.0,0.0,0.0,0.0,0.0,0.0,0.0,0.0,0.0
15059289,0.0,0.0,0.0,0.0,0.0,0.0,0.0,0.0,0.0
15059736,0.0,0.0,0.0,0.0,0.0,0.0,0.0,0.0,0.0
15061215,0.0,0.0,0.0,0.0,0.0,0.0,0.0,0.0,0.0
15061312,0.0,0.0,0.0,0.0,0.0,0.0,0.0,0.0,0.0
15061627,0.0,0.0,0.0,0.0,0.0,0.0,0.0,0.0,0.0
15061644,0.0,0.0,0.0,0.0,0.0,0.0,0.0,0.0,0.0
15061776,0.0,0.0,0.0,0.0,0.0,0.0,0.0,0.0,0.0
15061830,0.0,0.0,0.0,0.0,0.0,0.0,0.0,0.0,0.0
15061848,0.0,0.0,0.0,0.0,0.0,0.0,0.0,0.0,0.0
15062228,0.0,0.0,0.0,0.0,0.0,0.0,0.0,0.0,0.0
27203641,0.0,0.0,0.0,0.0,0.0,0.0,0.0,0.0,0.0
27204020,0.0,0.0,0.0,0.0,0.0,0.0,0.0,0.0,0.0
27206412,0.0,0.0,0.0,0.0,0.0,0.0,0.0,0.0,0.0
27206656,0.0,0.0,0.0,0.0,0.0,0.0,0.0,0.0,0.0
27208230,0.0,0.0,0.0,0.0,0.0,0.0,0.0,0.0,0.0
27209390,0.0,0.0,0.0,0.0,0.0,0.0,0.0,0.0,0.0
27209479,0.0,0.0,0.0,0.0,0.0,0.0,0.0,0.0,0.0
27211860,0.0,0.0,0.0,0.0,0.0,0.0,0.0,0.0,0.0
27212120,0.0,0.0,0.0,0.0,0.0,0.0,0.0,0.0,0.0
27212973,0.0,0.0,0.0,0.0,0.0,0.0,0.0,0.0,0.0
27213635,0.0,0.0,0.0,0.0,0.0,0.0,0.0,0.0,0.0
27216793,0.0,0.0,0.0,0.0,0.0,0.0,0.0,0.0,0.0
27217890,0.0,0.0,0.0,0.0,0.0,0.0,0.0,0.0,0.0
27218299,0.0,0.0,0.0,0.0,0.0,0.0,0.0,0.0,0.0
27219055,0.0,0.0,0.0,0.0,0.0,0.0,0.0,0.0,0.0
27219363,0.0,0.0,0.0,0.0,0.0,0.0,0.0,0.0,0.0
27219923,0.0,0.0,0.0,0.0,0.0,0.0,0.0,0.0,0.0
27221361,0.0,0.0,0.0,0.0,0.0,0.0,0.0,0.0,0.0
27221885,0.0,0.0,0.0,0.0,0.0,0.0,0.0,0.0,0.0
27222482,0.0,0.0,0.0,0.0,0.0,0.0,0.0,0.0,0.0
27222643,0.0,0.0,0.0,0.0,0.0,0.0,0.0,0.0,0.0
27222752,0.0,0.0,0.0,0.0,0.0,0.0,0.0,0.0,0.0
27223993,0.0,0.0,0.0,0.0,0.0,0.0,0.0,0.0,0.0
27224111,0.0,0.0,0.0,0.0,0.0,0.0,0.0,0.0,0.0
27224390,0.0,0.0,0.0,0.0,0.0,0.0,0.0,0.0,0.0
27225248,0.0,0.0,0.0,0.0,0.0,0.0,0.0,0.0,0.0
27226051,0.0,0.0,0.0,0.0,0.0,0.0,0.0,0.0,0.0
27226820,0.0,0.0,0.0,0.0,0.0,0.0,0.0,0.0,0.0
27227362,0.0,0.0,0.0,0.0,0.0,0.0,0.0,0.0,0.0
27227417,0.0,0.0,0.0,0.0,0.0,0.0,0.0,0.0,0.0
27227545,0.0,0.0,0.0,0.0,0.0,0.0,0.0,0.0,0.0
27227747,0.0,0.0,0.0,0.0,0.0,0.0,0.0,0.0,0.0
27227927,0.0,0.0,0.0,0.0,0.0,0.0,0.0,0.0,0.0
27228008,0.0,0.0,0.0,0.0,0.0,0.0,0.0,0.0,0.0
27228350,0.0,0.0,0.0,0.0,0.0,0.0,0.0,0.0,0.0
27228394,0.0,0.0,0.0,0.0,0.0,0.0,0.0,0.0,0.0
27228486,0.0,0.0,0.0,0.0,0.0,0.0,0.0,0.0,0.0
27229246,0.0,0.0,0.0,0.0,0.0,0.0,0.0,0.0,0.0
27229258,0.0,0.0,0.0,0.0,0.0,0.0,0.0,0.0,0.0
27229306,0.0,0.0,0.0,0.0,0.0,0.0,0.0,0.0,0.0
27229512,0.0,0.0,0.0,0.0,0.0,0.0,0.0,0.0,0.0
27230055,0.0,0.0,0.0,0.0,0.0,0.0,0.0,0.0,0.0
27230350,0.0,0.0,0.0,0.0,0.0,0.0,0.0,0.0,0.0
27231945,0.0,0.0,0.0,0.0,0.0,0.0,0.0,0.0,0.0
27233361,0.0,0.0,0.0,0.0,0.0,0.0,0.0,0.0,0.0
27234012,0.0,0.0,0.0,0.0,0.0,0.0,0.0,0.0,0.0
27234810,0.0,0.0,0.0,0.0,0.0,0.0,0.0,0.0,0.0
27235927,0.0,0.0,0.0,0.0,0.0,0.0,0.0,0.0,0.0
27235992,0.0,0.0,0.0,0.0,0.0,0.0,0.0,0.0,0.0
27236473,0.0,0.0,0.0,0.0,0.0,0.0,0.0,0.0,0.0
27236611,0.0,0.0,0.0,0.0,0.0,0.0,0.0,0.0,0.0
27237922,0.0,0.0,0.0,0.0,0.0,0.0,0.0,0.0,0.0
27238108,0.0,0.0,0.0,0.0,0.0,0.0,0.0,0.0,0.0
27238172,0.0,0.0,0.0,0.0,0.0,0.0,0.0,0.0,0.0
27239286,0.0,0.0,0.0,0.0,0.0,0.0,0.0,0.0,0.0
27241704,0.0,0.0,0.0,0.0,0.0,0.0,0.0,0.0,0.0
27242056,0.0,0.0,0.0,0.0,0.0,0.0,0.0,0.0,0.0
27242549,0.0,0.0,0.0,0.0,0.0,0.0,0.0,0.0,0.0
27244942,0.0,0.0,0.0,0.0,0.0,0.0,0.0,0.0,0.0
27245142,0.0,0.0,0.0,0.0,0.0,0.0,0.0,0.0,0.0
27245414,0.0,0.0,0.0,0.0,0.0,0.0,0.0,0.0,0.0
27245486,0.0,0.0,0.0,0.0,0.0,0.0,0.0,0.0,0.0
27245645,0.0,0.0,0.0,0.0,0.0,0.0,0.0,0.0,0.0
27246508,0.0,0.0,0.0,0.0,0.0,0.0,0.0,0.0,0.0
27247366,0.0,0.0,0.0,0.0,0.0,0.0,0.0,0.0,0.0
27248085,0.0,0.0,0.0,0.0,0.0,0.0,0.0,0.0,0.0
27248316,0.0,0.0,0.0,0.0,0.0,0.0,0.0,0.0,0.0
27248920,0.0,0.0,0.0,0.0,0.0,0.0,0.0,0.0,0.0
27249654,0.0,0.0,0.0,0.0,0.0,0.0,0.0,0.0,0.0
27250103,0.0,0.0,0.0,0.0,0.0,0.0,0.0,0.0,0.0
27250484,0.0,0.0,0.0,0.0,0.0,0.0,0.0,0.0,0.0
27254075,0.0,0.0,0.0,0.0,0.0,0.0,0.0,0.0,0.0
27256605,0.0,0.0,0.0,0.0,0.0,0.0,0.0,0.0,0.0
27260821,0.0,0.0,0.0,0.0,0.0,0.0,0.0,0.0,0.0
27263673,0.0,0.0,0.0,0.0,0.0,0.0,0.0,0.0,0.0
27264838,0.0,0.0,0.0,0.0,0.0,0.0,0.0,0.0,0.0
27267285,0.0,0.0,0.0,0.0,0.0,0.0,0.0,0.0,0.0
27269056,0.0,0.0,0.0,0.0,0.0,0.0,0.0,0.0,0.0
27269065,0.0,0.0,0.0,0.0,0.0,0.0,0.0,0.0,0.0
27270200,0.0,0.0,0.0,0.0,0.0,0.0,0.0,0.0,0.0
27270846,0.0,0.0,0.0,0.0,0.0,0.0,0.0,0.0,0.0
27271299,0.0,0.0,0.0,0.0,0.0,0.0,0.0,0.0,0.0
27271832,0.0,0.0,0.0,0.0,0.0,0.0,0.0,0.0,0.0
27272650,0.0,0.0,0.0,0.0,0.0,0.0,0.0,0.0,0.0
27272926,0.0,0.0,0.0,0.0,0.0,0.0,0.0,0.0,0.0
27272937,0.0,0.0,0.0,0.0,0.0,0.0,0.0,0.0,0.0
27273133,0.0,0.0,0.0,0.0,0.0,0.0,0.0,0.0,0.0
27273193,0.0,0.0,0.0,0.0,0.0,0.0,0.0,0.0,0.0
27274096,0.0,0.0,0.0,0.0,0.0,0.0,0.0,0.0,0.0
27274147,0.0,0.0,0.0,0.0,0.0,0.0,0.0,0.0,0.0
27274349,0.0,0.0,0.0,0.0,0.0,0.0,0.0,0.0,0.0
27274643,0.0,0.0,0.0,0.0,0.0,0.0,0.0,0.0,0.0
27275251,0.0,0.0,0.0,0.0,0.0,0.0,0.0,0.0,0.0
27275276,0.0,0.0,0.0,0.0,0.0,0.0,0.0,0.0,0.0
27276721,0.0,0.0,0.0,0.0,0.0,0.0,0.0,0.0,0.0
27277131,0.0,0.0,0.0,0.0,0.0,0.0,0.0,0.0,0.0
27277206,0.0,0.0,0.0,0.0,0.0,0.0,0.0,0.0,0.0
27277456,0.0,0.0,0.0,0.0,0.0,0.0,0.0,0.0,0.0
27277630,0.0,0.0,0.0,0.0,0.0,0.0,0.0,0.0,0.0
27278335,0.0,0.0,0.0,0.0,0.0,0.0,0.0,0.0,0.0
27278352,0.0,0.0,0.0,0.0,0.0,0.0,0.0,0.0,0.0
27278359,0.0,0.0,0.0,0.0,0.0,0.0,0.0,0.0,0.0
27278399,0.0,0.0,0.0,0.0,0.0,0.0,0.0,0.0,0.0
27278418,0.0,0.0,0.0,0.0,0.0,0.0,0.0,0.0,0.0
27279366,0.0,0.0,0.0,0.0,0.0,0.0,0.0,0.0,0.0
27279382,0.0,0.0,0.0,0.0,0.0,0.0,0.0,0.0,0.0
27279447,0.0,0.0,0.0,0.0,0.0,0.0,0.0,0.0,0.0
27279469,0.0,0.0,0.0,0.0,0.0,0.0,0.0,0.0,0.0
27279509,0.0,0.0,0.0,0.0,0.0,0.0,0.0,0.0,0.0
27279610,0.0,0.0,0.0,0.0,0.0,0.0,0.0,0.0,0.0
27281508,0.0,0.0,0.0,0.0,0.0,0.0,0.0,0.0,0.0
27282434,0.0,0.0,0.0,0.0,0.0,0.0,0.0,0.0,0.0
27282901,0.0,0.0,0.0,0.0,0.0,0.0,0.0,0.0,0.0
27282995,0.0,0.0,0.0,0.0,0.0,0.0,0.0,0.0,0.0
27283125,0.0,0.0,0.0,0.0,0.0,0.0,0.0,0.0,0.0
27283358,0.0,0.0,0.0,0.0,0.0,0.0,0.0,0.0,0.0
27283987,0.0,0.0,0.0,0.0,0.0,0.0,0.0,0.0,0.0
27284562,0.0,0.0,0.0,0.0,0.0,0.0,0.0,0.0,0.0
27285077,0.0,0.0,0.0,0.0,0.0,0.0,0.0,0.0,0.0
27285996,0.0,0.0,0.0,0.0,0.0,0.0,0.0,0.0,0.0
27286316,0.0,0.0,0.0,0.0,0.0,0.0,0.0,0.0,0.0
27286859,0.0,0.0,0.0,0.0,0.0,0.0,0.0,0.0,0.0
27287341,0.0,0.0,0.0,0.0,0.0,0.0,0.0,0.0,0.0
27288515,0.0,0.0,0.0,0.0,0.0,0.0,0.0,0.0,0.0
27288757,0.0,0.0,0.0,0.0,0.0,0.0,0.0,0.0,0.0
27288952,0.0,0.0,0.0,0.0,0.0,0.0,0.0,0.0,0.0
27288975,0.0,0.0,0.0,0.0,0.0,0.0,0.0,0.0,0.0
27288980,0.0,0.0,0.0,0.0,0.0,0.0,0.0,0.0,0.0
27290039,0.0,0.0,0.0,0.0,0.0,0.0,0.0,0.0,0.0
27290905,0.0,0.0,0.0,0.0,0.0,0.0,0.0,0.0,0.0
27290998,0.0,0.0,0.0,0.0,0.0,0.0,0.0,0.0,0.0
27290999,0.0,0.0,0.0,0.0,0.0,0.0,0.0,0.0,0.0
27291005,0.0,0.0,0.0,0.0,0.0,0.0,0.0,0.0,0.0
27291012,0.0,0.0,0.0,0.0,0.0,0.0,0.0,0.0,0.0
27291083,0.0,0.0,0.0,0.0,0.0,0.0,0.0,0.0,0.0
27291147,0.0,0.0,0.0,0.0,0.0,0.0,0.0,0.0,0.0
27291193,0.0,0.0,0.0,0.0,0.0,0.0,0.0,0.0,0.0
27291241,0.0,0.0,0.0,0.0,0.0,0.0,0.0,0.0,0.0
27294499,0.0,0.0,0.0,0.0,0.0,0.0,0.0,0.0,0.0
27297944,0.0,0.0,0.0,0.0,0.0,0.0,0.0,0.0,0.0
27298029,0.0,0.0,0.0,0.0,0.0,0.0,0.0,0.0,0.0
27298207,0.0,0.0,0.0,0.0,0.0,0.0,0.0,0.0,0.0
27298831,0.0,0.0,0.0,0.0,0.0,0.0,0.0,0.0,0.0
27301086,0.0,0.0,0.0,0.0,0.0,0.0,0.0,0.0,0.0
27301588,0.0,0.0,0.0,0.0,0.0,0.0,0.0,0.0,0.0
27303130,0.0,0.0,0.0,0.0,0.0,0.0,0.0,0.0,0.0
27303243,0.0,0.0,0.0,0.0,0.0,0.0,0.0,0.0,0.0
27304639,0.0,0.0,0.0,0.0,0.0,0.0,0.0,0.0,0.0
27310870,0.0,0.0,0.0,0.0,0.0,0.0,0.0,0.0,0.0
27311386,0.0,0.0,0.0,0.0,0.0,0.0,0.0,0.0,0.0
27311627,0.0,0.0,0.0,0.0,0.0,0.0,0.0,0.0,0.0
27312527,0.0,0.0,0.0,0.0,0.0,0.0,0.0,0.0,0.0
27314199,0.0,0.0,0.0,0.0,0.0,0.0,0.0,0.0,0.0
27315036,0.0,0.0,0.0,0.0,0.0,0.0,0.0,0.0,0.0
27316574,0.0,0.0,0.0,0.0,0.0,0.0,0.0,0.0,0.0
27317646,0.0,0.0,0.0,0.0,0.0,0.0,0.0,0.0,0.0
27319072,0.0,0.0,0.0,0.0,0.0,0.0,0.0,0.0,0.0
27319892,0.0,0.0,0.0,0.0,0.0,0.0,0.0,0.0,0.0
27320262,0.0,0.0,0.0,0.0,0.0,0.0,0.0,0.0,0.0
27321197,0.0,0.0,0.0,0.0,0.0,0.0,0.0,0.0,0.0
27321202,0.0,0.0,0.0,0.0,0.0,0.0,0.0,0.0,0.0
27321241,0.0,0.0,0.0,0.0,0.0,0.0,0.0,0.0,0.0
27321582,0.0,0.0,0.0,0.0,0.0,0.0,0.0,0.0,0.0
27321885,0.0,0.0,0.0,0.0,0.0,0.0,0.0,0.0,0.0
27322213,0.0,0.0,0.0,0.0,0.0,0.0,0.0,0.0,0.0
27322239,0.0,0.0,0.0,0.0,0.0,0.0,0.0,0.0,0.0
27322774,0.0,0.0,0.0,0.0,0.0,0.0,0.0,0.0,0.0
27323256,0.0,0.0,0.0,0.0,0.0,0.0,0.0,0.0,0.0
27323692,0.0,0.0,0.0,0.0,0.0,0.0,0.0,0.0,0.0
27325257,0.0,0.0,0.0,0.0,0.0,0.0,0.0,0.0,0.0
27326782,0.0,0.0,0.0,0.0,0.0,0.0,0.0,0.0,0.0
27326804,0.0,0.0,0.0,0.0,0.0,0.0,0.0,0.0,0.0
27326842,0.0,0.0,0.0,0.0,0.0,0.0,0.0,0.0,0.0
27327185,0.0,0.0,0.0,0.0,0.0,0.0,0.0,0.0,0.0
27327671,0.0,0.0,0.0,0.0,0.0,0.0,0.0,0.0,0.0
27327877,0.0,0.0,0.0,0.0,0.0,0.0,0.0,0.0,0.0
27328781,0.0,0.0,0.0,0.0,0.0,0.0,0.0,0.0,0.0
27329054,0.0,0.0,0.0,0.0,0.0,0.0,0.0,0.0,0.0
27329113,0.0,0.0,0.0,0.0,0.0,0.0,0.0,0.0,0.0
27329179,0.0,0.0,0.0,0.0,0.0,0.0,0.0,0.0,0.0
27330098,0.0,0.0,0.0,0.0,0.0,0.0,0.0,0.0,0.0
27330398,0.0,0.0,0.0,0.0,0.0,0.0,0.0,0.0,0.0
27330675,0.0,0.0,0.0,0.0,0.0,0.0,0.0,0.0,0.0
27330798,0.0,0.0,0.0,0.0,0.0,0.0,0.0,0.0,0.0
27330903,0.0,0.0,0.0,0.0,0.0,0.0,0.0,0.0,0.0
27330971,0.0,0.0,0.0,0.0,0.0,0.0,0.0,0.0,0.0
27331136,0.0,0.0,0.0,0.0,0.0,0.0,0.0,0.0,0.0
27331288,0.0,0.0,0.0,0.0,0.0,0.0,0.0,0.0,0.0
27331368,0.0,0.0,0.0,0.0,0.0,0.0,0.0,0.0,0.0
27331597,0.0,0.0,0.0,0.0,0.0,0.0,0.0,0.0,0.0
27331897,0.0,0.0,0.0,0.0,0.0,0.0,0.0,0.0,0.0
27331898,0.0,0.0,0.0,0.0,0.0,0.0,0.0,0.0,0.0
27331924,0.0,0.0,0.0,0.0,0.0,0.0,0.0,0.0,0.0
27331936,0.0,0.0,0.0,0.0,0.0,0.0,0.0,0.0,0.0
27332145,0.0,0.0,0.0,0.0,0.0,0.0,0.0,0.0,0.0
27332389,0.0,0.0,0.0,0.0,0.0,0.0,0.0,0.0,0.0
27332497,0.0,0.0,0.0,0.0,0.0,0.0,0.0,0.0,0.0
27332504,0.0,0.0,0.0,0.0,0.0,0.0,0.0,0.0,0.0
27332769,0.0,0.0,0.0,0.0,0.0,0.0,0.0,0.0,0.0
27332988,0.0,0.0,0.0,0.0,0.0,0.0,0.0,0.0,0.0
27333044,0.0,0.0,0.0,0.0,0.0,0.0,0.0,0.0,0.0
27333961,0.0,0.0,0.0,0.0,0.0,0.0,0.0,0.0,0.0
27334642,0.0,0.0,0.0,0.0,0.0,0.0,0.0,0.0,0.0
27335022,0.0,0.0,0.0,0.0,0.0,0.0,0.0,0.0,0.0
27335499,0.0,0.0,0.0,0.0,0.0,0.0,0.0,0.0,0.0
27335500,0.0,0.0,0.0,0.0,0.0,0.0,0.0,0.0,0.0
27335920,0.0,0.0,0.0,0.0,0.0,0.0,0.0,0.0,0.0
27335937,0.0,0.0,0.0,0.0,0.0,0.0,0.0,0.0,0.0
27335972,0.0,0.0,0.0,0.0,0.0,0.0,0.0,0.0,0.0
27335985,0.0,0.0,0.0,0.0,0.0,0.0,0.0,0.0,0.0
27336264,0.0,0.0,0.0,0.0,0.0,0.0,0.0,0.0,0.0
27336301,0.0,0.0,0.0,0.0,0.0,0.0,0.0,0.0,0.0
27336331,0.0,0.0,0.0,0.0,0.0,0.0,0.0,0.0,0.0
27336345,0.0,0.0,0.0,0.0,0.0,0.0,0.0,0.0,0.0
27336370,0.0,0.0,0.0,0.0,0.0,0.0,0.0,0.0,0.0
27336506,0.0,0.0,0.0,0.0,0.0,0.0,0.0,0.0,0.0
27336625,0.0,0.0,0.0,0.0,0.0,0.0,0.0,0.0,0.0
27336709,0.0,0.0,0.0,0.0,0.0,0.0,0.0,0.0,0.0
27336822,0.0,0.0,0.0,0.0,0.0,0.0,0.0,0.0,0.0
27336898,0.0,0.0,0.0,0.0,0.0,0.0,0.0,0.0,0.0
27337000,0.0,0.0,0.0,0.0,0.0,0.0,0.0,0.0,0.0
27337095,0.0,0.0,0.0,0.0,0.0,0.0,0.0,0.0,0.0
27337441,0.0,0.0,0.0,0.0,0.0,0.0,0.0,0.0,0.0
27338015,0.0,0.0,0.0,0.0,0.0,0.0,0.0,0.0,0.0
27338261,0.0,0.0,0.0,0.0,0.0,0.0,0.0,0.0,0.0
27338374,0.0,0.0,0.0,0.0,0.0,0.0,0.0,0.0,0.0
27338487,0.0,0.0,0.0,0.0,0.0,0.0,0.0,0.0,0.0
27338573,0.0,0.0,0.0,0.0,0.0,0.0,0.0,0.0,0.0
27338627,0.0,0.0,0.0,0.0,0.0,0.0,0.0,0.0,0.0
27338828,0.0,0.0,0.0,0.0,0.0,0.0,0.0,0.0,0.0
27338955,0.0,0.0,0.0,0.0,0.0,0.0,0.0,0.0,0.0
27339257,0.0,0.0,0.0,0.0,0.0,0.0,0.0,0.0,0.0
27339480,0.0,0.0,0.0,0.0,0.0,0.0,0.0,0.0,0.0
27339989,0.0,0.0,0.0,0.0,0.0,0.0,0.0,0.0,0.0
27340997,0.0,0.0,0.0,0.0,0.0,0.0,0.0,0.0,0.0
27341248,0.0,0.0,0.0,0.0,0.0,0.0,0.0,0.0,0.0
27341296,0.0,0.0,0.0,0.0,0.0,0.0,0.0,0.0,0.0
27341878,0.0,0.0,0.0,0.0,0.0,0.0,0.0,0.0,0.0
27342302,0.0,0.0,0.0,0.0,0.0,0.0,0.0,0.0,0.0
27342483,0.0,0.0,0.0,0.0,0.0,0.0,0.0,0.0,0.0
27342678,0.0,0.0,0.0,0.0,0.0,0.0,0.0,0.0,0.0
27342880,0.0,0.0,0.0,0.0,0.0,0.0,0.0,0.0,0.0
27342921,0.0,0.0,0.0,0.0,0.0,0.0,0.0,0.0,0.0
27343006,0.0,0.0,0.0,0.0,0.0,0.0,0.0,0.0,0.0
27343023,0.0,0.0,0.0,0.0,0.0,0.0,0.0,0.0,0.0
27343037,0.0,0.0,0.0,0.0,0.0,0.0,0.0,0.0,0.0
27343163,0.0,0.0,0.0,0.0,0.0,0.0,0.0,0.0,0.0
27343271,0.0,0.0,0.0,0.0,0.0,0.0,0.0,0.0,0.0
27343273,0.0,0.0,0.0,0.0,0.0,0.0,0.0,0.0,0.0
27343350,0.0,0.0,0.0,0.0,0.0,0.0,0.0,0.0,0.0
27343416,0.0,0.0,0.0,0.0,0.0,0.0,0.0,0.0,0.0
27343473,0.0,0.0,0.0,0.0,0.0,0.0,0.0,0.0,0.0
27343813,0.0,0.0,0.0,0.0,0.0,0.0,0.0,0.0,0.0
27344088,0.0,0.0,0.0,0.0,0.0,0.0,0.0,0.0,0.0
27344466,0.0,0.0,0.0,0.0,0.0,0.0,0.0,0.0,0.0
27344470,0.0,0.0,0.0,0.0,0.0,0.0,0.0,0.0,0.0
27344606,0.0,0.0,0.0,0.0,0.0,0.0,0.0,0.0,0.0
27344607,0.0,0.0,0.0,0.0,0.0,0.0,0.0,0.0,0.0
27344727,0.0,0.0,0.0,0.0,0.0,0.0,0.0,0.0,0.0
27344831,0.0,0.0,0.0,0.0,0.0,0.0,0.0,0.0,0.0
27344892,0.0,0.0,0.0,0.0,0.0,0.0,0.0,0.0,0.0
27344953,0.0,0.0,0.0,0.0,0.0,0.0,0.0,0.0,0.0
27345000,0.0,0.0,0.0,0.0,0.0,0.0,0.0,0.0,0.0
27345126,0.0,0.0,0.0,0.0,0.0,0.0,0.0,0.0,0.0
27345197,0.0,0.0,0.0,0.0,0.0,0.0,0.0,0.0,0.0
27345260,0.0,0.0,0.0,0.0,0.0,0.0,0.0,0.0,0.0
27345358,0.0,0.0,0.0,0.0,0.0,0.0,0.0,0.0,0.0
27345381,0.0,0.0,0.0,0.0,0.0,0.0,0.0,0.0,0.0
27345424,0.0,0.0,0.0,0.0,0.0,0.0,0.0,0.0,0.0
27345483,0.0,0.0,0.0,0.0,0.0,0.0,0.0,0.0,0.0
27345484,0.0,0.0,0.0,0.0,0.0,0.0,0.0,0.0,0.0
27345491,0.0,0.0,0.0,0.0,0.0,0.0,0.0,0.0,0.0
27345640,0.0,0.0,0.0,0.0,0.0,0.0,0.0,0.0,0.0
27345805,0.0,0.0,0.0,0.0,0.0,0.0,0.0,0.0,0.0
27345892,0.0,0.0,0.0,0.0,0.0,0.0,0.0,0.0,0.0
27345998,0.0,0.0,0.0,0.0,0.0,0.0,0.0,0.0,0.0
27346019,0.0,0.0,0.0,0.0,0.0,0.0,0.0,0.0,0.0
27346052,0.0,0.0,0.0,0.0,0.0,0.0,0.0,0.0,0.0
27346053,0.0,0.0,0.0,0.0,0.0,0.0,0.0,0.0,0.0
27346187,0.0,0.0,0.0,0.0,0.0,0.0,0.0,0.0,0.0
27346254,0.0,0.0,0.0,0.0,0.0,0.0,0.0,0.0,0.0
27346306,0.0,0.0,0.0,0.0,0.0,0.0,0.0,0.0,0.0
27346333,0.0,0.0,0.0,0.0,0.0,0.0,0.0,0.0,0.0
27346722,0.0,0.0,0.0,0.0,0.0,0.0,0.0,0.0,0.0
27346845,0.0,0.0,0.0,0.0,0.0,0.0,0.0,0.0,0.0
27346846,0.0,0.0,0.0,0.0,0.0,0.0,0.0,0.0,0.0
27346966,0.0,0.0,0.0,0.0,0.0,0.0,0.0,0.0,0.0
27346970,0.0,0.0,0.0,0.0,0.0,0.0,0.0,0.0,0.0
27347343,0.0,0.0,0.0,0.0,0.0,0.0,0.0,0.0,0.0
27347412,0.0,0.0,0.0,0.0,0.0,0.0,0.0,0.0,0.0
27347654,0.0,0.0,0.0,0.0,0.0,0.0,0.0,0.0,0.0
27347921,0.0,0.0,0.0,0.0,0.0,0.0,0.0,0.0,0.0
27347964,0.0,0.0,0.0,0.0,0.0,0.0,0.0,0.0,0.0
27347976,0.0,0.0,0.0,0.0,0.0,0.0,0.0,0.0,0.0
27348006,0.0,0.0,0.0,0.0,0.0,0.0,0.0,0.0,0.0
27348356,0.0,0.0,0.0,0.0,0.0,0.0,0.0,0.0,0.0
27348373,0.0,0.0,0.0,0.0,0.0,0.0,0.0,0.0,0.0
27348398,0.0,0.0,0.0,0.0,0.0,0.0,0.0,0.0,0.0
27348459,0.0,0.0,0.0,0.0,0.0,0.0,0.0,0.0,0.0
27348597,0.0,0.0,0.0,0.0,0.0,0.0,0.0,0.0,0.0
27348656,0.0,0.0,0.0,0.0,0.0,0.0,0.0,0.0,0.0
27348664,0.0,0.0,0.0,0.0,0.0,0.0,0.0,0.0,0.0
27348803,0.0,0.0,0.0,0.0,0.0,0.0,0.0,0.0,0.0
27349041,0.0,0.0,0.0,0.0,0.0,0.0,0.0,0.0,0.0
27349119,0.0,0.0,0.0,0.0,0.0,0.0,0.0,0.0,0.0
27349303,0.0,0.0,0.0,0.0,0.0,0.0,0.0,0.0,0.0
27349693,0.0,0.0,0.0,0.0,0.0,0.0,0.0,0.0,0.0
27349793,0.0,0.0,0.0,0.0,0.0,0.0,0.0,0.0,0.0
27350040,0.0,0.0,0.0,0.0,0.0,0.0,0.0,0.0,0.0
27350057,0.0,0.0,0.0,0.0,0.0,0.0,0.0,0.0,0.0
27350203,0.0,0.0,0.0,0.0,0.0,0.0,0.0,0.0,0.0
27350557,0.0,0.0,0.0,0.0,0.0,0.0,0.0,0.0,0.0
27350594,0.0,0.0,0.0,0.0,0.0,0.0,0.0,0.0,0.0
27350743,0.0,0.0,0.0,0.0,0.0,0.0,0.0,0.0,0.0
27350755,0.0,0.0,0.0,0.0,0.0,0.0,0.0,0.0,0.0
27350758,0.0,0.0,0.0,0.0,0.0,0.0,0.0,0.0,0.0
27350768,0.0,0.0,0.0,0.0,0.0,0.0,0.0,0.0,0.0
27350787,0.0,0.0,0.0,0.0,0.0,0.0,0.0,0.0,0.0
27350810,0.0,0.0,0.0,0.0,0.0,0.0,0.0,0.0,0.0
27350838,0.0,0.0,0.0,0.0,0.0,0.0,0.0,0.0,0.0
27350847,0.0,0.0,0.0,0.0,0.0,0.0,0.0,0.0,0.0
27350855,0.0,0.0,0.0,0.0,0.0,0.0,0.0,0.0,0.0
27350865,0.0,0.0,0.0,0.0,0.0,0.0,0.0,0.0,0.0
27350872,0.0,0.0,0.0,0.0,0.0,0.0,0.0,0.0,0.0
27350878,0.0,0.0,0.0,0.0,0.0,0.0,0.0,0.0,0.0
27350891,0.0,0.0,0.0,0.0,0.0,0.0,0.0,0.0,0.0
27350928,0.0,0.0,0.0,0.0,0.0,0.0,0.0,0.0,0.0
27350986,0.0,0.0,0.0,0.0,0.0,0.0,0.0,0.0,0.0
27350987,0.0,0.0,0.0,0.0,0.0,0.0,0.0,0.0,0.0
27350993,0.0,0.0,0.0,0.0,0.0,0.0,0.0,0.0,0.0
27350996,0.0,0.0,0.0,0.0,0.0,0.0,0.0,0.0,0.0
27351001,0.0,0.0,0.0,0.0,0.0,0.0,0.0,0.0,0.0
27351003,0.0,0.0,0.0,0.0,0.0,0.0,0.0,0.0,0.0
27351032,0.0,0.0,0.0,0.0,0.0,0.0,0.0,0.0,0.0
27351086,0.0,0.0,0.0,0.0,0.0,0.0,0.0,0.0,0.0
27351124,0.0,0.0,0.0,0.0,0.0,0.0,0.0,0.0,0.0
27351169,0.0,0.0,0.0,0.0,0.0,0.0,0.0,0.0,0.0
27351230,0.0,0.0,0.0,0.0,0.0,0.0,0.0,0.0,0.0
27351231,0.0,0.0,0.0,0.0,0.0,0.0,0.0,0.0,0.0
27351249,0.0,0.0,0.0,0.0,0.0,0.0,0.0,0.0,0.0
27351764,0.0,0.0,0.0,0.0,0.0,0.0,0.0,0.0,0.0
27351811,0.0,0.0,0.0,0.0,0.0,0.0,0.0,0.0,0.0
27351828,0.0,0.0,0.0,0.0,0.0,0.0,0.0,0.0,0.0
27352074,0.0,0.0,0.0,0.0,0.0,0.0,0.0,0.0,0.0
27352253,0.0,0.0,0.0,0.0,0.0,0.0,0.0,0.0,0.0
27352389,0.0,0.0,0.0,0.0,0.0,0.0,0.0,0.0,0.0
27352590,0.0,0.0,0.0,0.0,0.0,0.0,0.0,0.0,0.0
27352645,0.0,0.0,0.0,0.0,0.0,0.0,0.0,0.0,0.0
27352657,0.0,0.0,0.0,0.0,0.0,0.0,0.0,0.0,0.0
27352709,0.0,0.0,0.0,0.0,0.0,0.0,0.0,0.0,0.0
27352883,0.0,0.0,0.0,0.0,0.0,0.0,0.0,0.0,0.0
27352929,0.0,0.0,0.0,0.0,0.0,0.0,0.0,0.0,0.0
27353024,0.0,0.0,0.0,0.0,0.0,0.0,0.0,0.0,0.0
27353174,0.0,0.0,0.0,0.0,0.0,0.0,0.0,0.0,0.0
27353325,0.0,0.0,0.0,0.0,0.0,0.0,0.0,0.0,0.0
27353511,0.0,0.0,0.0,0.0,0.0,0.0,0.0,0.0,0.0
27353521,0.0,0.0,0.0,0.0,0.0,0.0,0.0,0.0,0.0
27353696,0.0,0.0,0.0,0.0,0.0,0.0,0.0,0.0,0.0
27353737,0.0,0.0,0.0,0.0,0.0,0.0,0.0,0.0,0.0
27354125,0.0,0.0,0.0,0.0,0.0,0.0,0.0,0.0,0.0
27354711,0.0,0.0,0.0,0.0,0.0,0.0,0.0,0.0,0.0
27355082,0.0,0.0,0.0,0.0,0.0,0.0,0.0,0.0,0.0
27355166,0.0,0.0,0.0,0.0,0.0,0.0,0.0,0.0,0.0
27355185,0.0,0.0,0.0,0.0,0.0,0.0,0.0,0.0,0.0
27355495,0.0,0.0,0.0,0.0,0.0,0.0,0.0,0.0,0.0
27355503,0.0,0.0,0.0,0.0,0.0,0.0,0.0,0.0,0.0
27355642,0.0,0.0,0.0,0.0,0.0,0.0,0.0,0.0,0.0
27355644,0.0,0.0,0.0,0.0,0.0,0.0,0.0,0.0,0.0
27355774,0.0,0.0,0.0,0.0,0.0,0.0,0.0,0.0,0.0
27355776,0.0,0.0,0.0,0.0,0.0,0.0,0.0,0.0,0.0
27355820,0.0,0.0,0.0,0.0,0.0,0.0,0.0,0.0,0.0
27355950,0.0,0.0,0.0,0.0,0.0,0.0,0.0,0.0,0.0
27356033,0.0,0.0,0.0,0.0,0.0,0.0,0.0,0.0,0.0
27357496,0.0,0.0,0.0,0.0,0.0,0.0,0.0,0.0,0.0
27357719,0.0,0.0,0.0,0.0,0.0,0.0,0.0,0.0,0.0
27358020,0.0,0.0,0.0,0.0,0.0,0.0,0.0,0.0,0.0
27358802,0.0,0.0,0.0,0.0,0.0,0.0,0.0,0.0,0.0
27359760,0.0,0.0,0.0,0.0,0.0,0.0,0.0,0.0,0.0
27360515,0.0,0.0,0.0,0.0,0.0,0.0,0.0,0.0,0.0
27360764,0.0,0.0,0.0,0.0,0.0,0.0,0.0,0.0,0.0
27361157,0.0,0.0,0.0,0.0,0.0,0.0,0.0,0.0,0.0
27361357,0.0,0.0,0.0,0.0,0.0,0.0,0.0,0.0,0.0
27361482,0.0,0.0,0.0,0.0,0.0,0.0,0.0,0.0,0.0
27361590,0.0,0.0,0.0,0.0,0.0,0.0,0.0,0.0,0.0
27361810,0.0,0.0,0.0,0.0,0.0,0.0,0.0,0.0,0.0
27361941,0.0,0.0,0.0,0.0,0.0,0.0,0.0,0.0,0.0
27362201,0.0,0.0,0.0,0.0,0.0,0.0,0.0,0.0,0.0
27362875,0.0,0.0,0.0,0.0,0.0,0.0,0.0,0.0,0.0
27362965,0.0,0.0,0.0,0.0,0.0,0.0,0.0,0.0,0.0
27363017,0.0,0.0,0.0,0.0,0.0,0.0,0.0,0.0,0.0
27363023,0.0,0.0,0.0,0.0,0.0,0.0,0.0,0.0,0.0
27363377,0.0,0.0,0.0,0.0,0.0,0.0,0.0,0.0,0.0
27363492,0.0,0.0,0.0,0.0,0.0,0.0,0.0,0.0,0.0
27363680,0.0,0.0,0.0,0.0,0.0,0.0,0.0,0.0,0.0
27363791,0.0,0.0,0.0,0.0,0.0,0.0,0.0,0.0,0.0
27363835,0.0,0.0,0.0,0.0,0.0,0.0,0.0,0.0,0.0
27363903,0.0,0.0,0.0,0.0,0.0,0.0,0.0,0.0,0.0
27363991,0.0,0.0,0.0,0.0,0.0,0.0,0.0,0.0,0.0
27364347,0.0,0.0,0.0,0.0,0.0,0.0,0.0,0.0,0.0
27364537,0.0,0.0,0.0,0.0,0.0,0.0,0.0,0.0,0.0
27364819,0.0,0.0,0.0,0.0,0.0,0.0,0.0,0.0,0.0
27365033,0.0,0.0,0.0,0.0,0.0,0.0,0.0,0.0,0.0
27365250,0.0,0.0,0.0,0.0,0.0,0.0,0.0,0.0,0.0
27365552,0.0,0.0,0.0,0.0,0.0,0.0,0.0,0.0,0.0
27366111,0.0,0.0,0.0,0.0,0.0,0.0,0.0,0.0,0.0
27366386,0.0,0.0,0.0,0.0,0.0,0.0,0.0,0.0,0.0
27366507,0.0,0.0,0.0,0.0,0.0,0.0,0.0,0.0,0.0
27366966,0.0,0.0,0.0,0.0,0.0,0.0,0.0,0.0,0.0
27367127,0.0,0.0,0.0,0.0,0.0,0.0,0.0,0.0,0.0
27367178,0.0,0.0,0.0,0.0,0.0,0.0,0.0,0.0,0.0
27367188,0.0,0.0,0.0,0.0,0.0,0.0,0.0,0.0,0.0
27367228,0.0,0.0,0.0,0.0,0.0,0.0,0.0,0.0,0.0
27367284,0.0,0.0,0.0,0.0,0.0,0.0,0.0,0.0,0.0
27367352,0.0,0.0,0.0,0.0,0.0,0.0,0.0,0.0,0.0
27367406,0.0,0.0,0.0,0.0,0.0,0.0,0.0,0.0,0.0
27367412,0.0,0.0,0.0,0.0,0.0,0.0,0.0,0.0,0.0
27367429,0.0,0.0,0.0,0.0,0.0,0.0,0.0,0.0,0.0
27367566,0.0,0.0,0.0,0.0,0.0,0.0,0.0,0.0,0.0
27367614,0.0,0.0,0.0,0.0,0.0,0.0,0.0,0.0,0.0
27367674,0.0,0.0,0.0,0.0,0.0,0.0,0.0,0.0,0.0
27367750,0.0,0.0,0.0,0.0,0.0,0.0,0.0,0.0,0.0
27368203,0.0,0.0,0.0,0.0,0.0,0.0,0.0,0.0,0.0
27368824,0.0,0.0,0.0,0.0,0.0,0.0,0.0,0.0,0.0
27368825,0.0,0.0,0.0,0.0,0.0,0.0,0.0,0.0,0.0
27368872,0.0,0.0,0.0,0.0,0.0,0.0,0.0,0.0,0.0
27368884,0.0,0.0,0.0,0.0,0.0,0.0,0.0,0.0,0.0
27369018,0.0,0.0,0.0,0.0,0.0,0.0,0.0,0.0,0.0
27369072,0.0,0.0,0.0,0.0,0.0,0.0,0.0,0.0,0.0
27369084,0.0,0.0,0.0,0.0,0.0,0.0,0.0,0.0,0.0
27369294,0.0,0.0,0.0,0.0,0.0,0.0,0.0,0.0,0.0
27369367,0.0,0.0,0.0,0.0,0.0,0.0,0.0,0.0,0.0
27369384,0.0,0.0,0.0,0.0,0.0,0.0,0.0,0.0,0.0
27369473,0.0,0.0,0.0,0.0,0.0,0.0,0.0,0.0,0.0
27369484,0.0,0.0,0.0,0.0,0.0,0.0,0.0,0.0,0.0
27369510,0.0,0.0,0.0,0.0,0.0,0.0,0.0,0.0,0.0
27369542,0.0,0.0,0.0,0.0,0.0,0.0,0.0,0.0,0.0
27369740,0.0,0.0,0.0,0.0,0.0,0.0,0.0,0.0,0.0
27369907,0.0,0.0,0.0,0.0,0.0,0.0,0.0,0.0,0.0
27369950,0.0,0.0,0.0,0.0,0.0,0.0,0.0,0.0,0.0
27370005,0.0,0.0,0.0,0.0,0.0,0.0,0.0,0.0,0.0
27370052,0.0,0.0,0.0,0.0,0.0,0.0,0.0,0.0,0.0
27370070,0.0,0.0,0.0,0.0,0.0,0.0,0.0,0.0,0.0
27370308,0.0,0.0,0.0,0.0,0.0,0.0,0.0,0.0,0.0
27370697,0.0,0.0,0.0,0.0,0.0,0.0,0.0,0.0,0.0
27370787,0.0,0.0,0.0,0.0,0.0,0.0,0.0,0.0,0.0
27370965,0.0,0.0,0.0,0.0,0.0,0.0,0.0,0.0,0.0
27371182,0.0,0.0,0.0,0.0,0.0,0.0,0.0,0.0,0.0
27371273,0.0,0.0,0.0,0.0,0.0,0.0,0.0,0.0,0.0
27371457,0.0,0.0,0.0,0.0,0.0,0.0,0.0,0.0,0.0
27371771,0.0,0.0,0.0,0.0,0.0,0.0,0.0,0.0,0.0
27371882,0.0,0.0,0.0,0.0,0.0,0.0,0.0,0.0,0.0
27372009,0.0,0.0,0.0,0.0,0.0,0.0,0.0,0.0,0.0
27372036,0.0,0.0,0.0,0.0,0.0,0.0,0.0,0.0,0.0
27372357,0.0,0.0,0.0,0.0,0.0,0.0,0.0,0.0,0.0
27372387,0.0,0.0,0.0,0.0,0.0,0.0,0.0,0.0,0.0
27372467,0.0,0.0,0.0,0.0,0.0,0.0,0.0,0.0,0.0
27372709,0.0,0.0,0.0,0.0,0.0,0.0,0.0,0.0,0.0
27372849,0.0,0.0,0.0,0.0,0.0,0.0,0.0,0.0,0.0
27372878,0.0,0.0,0.0,0.0,0.0,0.0,0.0,0.0,0.0
27372953,0.0,0.0,0.0,0.0,0.0,0.0,0.0,0.0,0.0
27372963,0.0,0.0,0.0,0.0,0.0,0.0,0.0,0.0,0.0
27373251,0.0,0.0,0.0,0.0,0.0,0.0,0.0,0.0,0.0
27373586,0.0,0.0,0.0,0.0,0.0,0.0,0.0,0.0,0.0
27374362,0.0,0.0,0.0,0.0,0.0,0.0,0.0,0.0,0.0
27374805,0.0,0.0,0.0,0.0,0.0,0.0,0.0,0.0,0.0
27375784,0.0,0.0,0.0,0.0,0.0,0.0,0.0,0.0,0.0
27376400,0.0,0.0,0.0,0.0,0.0,0.0,0.0,0.0,0.0
27376981,0.0,0.0,0.0,0.0,0.0,0.0,0.0,0.0,0.0
27377219,0.0,0.0,0.0,0.0,0.0,0.0,0.0,0.0,0.0
27377360,0.0,0.0,0.0,0.0,0.0,0.0,0.0,0.0,0.0
27377477,0.0,0.0,0.0,0.0,0.0,0.0,0.0,0.0,0.0
27377812,0.0,0.0,0.0,0.0,0.0,0.0,0.0,0.0,0.0
27377895,0.0,0.0,0.0,0.0,0.0,0.0,0.0,0.0,0.0
27377938,0.0,0.0,0.0,0.0,0.0,0.0,0.0,0.0,0.0
27377964,0.0,0.0,0.0,0.0,0.0,0.0,0.0,0.0,0.0
27378135,0.0,0.0,0.0,0.0,0.0,0.0,0.0,0.0,0.0
27378200,0.0,0.0,0.0,0.0,0.0,0.0,0.0,0.0,0.0
27378316,0.0,0.0,0.0,0.0,0.0,0.0,0.0,0.0,0.0
27378420,0.0,0.0,0.0,0.0,0.0,0.0,0.0,0.0,0.0
27378502,0.0,0.0,0.0,0.0,0.0,0.0,0.0,0.0,0.0
27378503,0.0,0.0,0.0,0.0,0.0,0.0,0.0,0.0,0.0
27378642,0.0,0.0,0.0,0.0,0.0,0.0,0.0,0.0,0.0
27378789,0.0,0.0,0.0,0.0,0.0,0.0,0.0,0.0,0.0
27378854,0.0,0.0,0.0,0.0,0.0,0.0,0.0,0.0,0.0
27378974,0.0,0.0,0.0,0.0,0.0,0.0,0.0,0.0,0.0
27379077,0.0,0.0,0.0,0.0,0.0,0.0,0.0,0.0,0.0
27379228,0.0,0.0,0.0,0.0,0.0,0.0,0.0,0.0,0.0
27379256,0.0,0.0,0.0,0.0,0.0,0.0,0.0,0.0,0.0
27379305,0.0,0.0,0.0,0.0,0.0,0.0,0.0,0.0,0.0
27379676,0.0,0.0,0.0,0.0,0.0,0.0,0.0,0.0,0.0
27380172,0.0,0.0,0.0,0.0,0.0,0.0,0.0,0.0,0.0
27380754,0.0,0.0,0.0,0.0,0.0,0.0,0.0,0.0,0.0
27381012,0.0,0.0,0.0,0.0,0.0,0.0,0.0,0.0,0.0
27381985,0.0,0.0,0.0,0.0,0.0,0.0,0.0,0.0,0.0
27382085,0.0,0.0,0.0,0.0,0.0,0.0,0.0,0.0,0.0
27382536,0.0,0.0,0.0,0.0,0.0,0.0,0.0,0.0,0.0
27382956,0.0,0.0,0.0,0.0,0.0,0.0,0.0,0.0,0.0
27382957,0.0,0.0,0.0,0.0,0.0,0.0,0.0,0.0,0.0
27383026,0.0,0.0,0.0,0.0,0.0,0.0,0.0,0.0,0.0
27383801,0.0,0.0,0.0,0.0,0.0,0.0,0.0,0.0,0.0
27383815,0.0,0.0,0.0,0.0,0.0,0.0,0.0,0.0,0.0
27383952,0.0,0.0,0.0,0.0,0.0,0.0,0.0,0.0,0.0
27384062,0.0,0.0,0.0,0.0,0.0,0.0,0.0,0.0,0.0
27384064,0.0,0.0,0.0,0.0,0.0,0.0,0.0,0.0,0.0
27384208,0.0,0.0,0.0,0.0,0.0,0.0,0.0,0.0,0.0
27385310,0.0,0.0,0.0,0.0,0.0,0.0,0.0,0.0,0.0
27385431,0.0,0.0,0.0,0.0,0.0,0.0,0.0,0.0,0.0
27386834,0.0,0.0,0.0,0.0,0.0,0.0,0.0,0.0,0.0
27386871,0.0,0.0,0.0,0.0,0.0,0.0,0.0,0.0,0.0
27386953,0.0,0.0,0.0,0.0,0.0,0.0,0.0,0.0,0.0
27387156,0.0,0.0,0.0,0.0,0.0,0.0,0.0,0.0,0.0
27387223,0.0,0.0,0.0,0.0,0.0,0.0,0.0,0.0,0.0
27387235,0.0,0.0,0.0,0.0,0.0,0.0,0.0,0.0,0.0
27387356,0.0,0.0,0.0,0.0,0.0,0.0,0.0,0.0,0.0
27387432,0.0,0.0,0.0,0.0,0.0,0.0,0.0,0.0,0.0
27387490,0.0,0.0,0.0,0.0,0.0,0.0,0.0,0.0,0.0
27387609,0.0,0.0,0.0,0.0,0.0,0.0,0.0,0.0,0.0
27387894,0.0,0.0,0.0,0.0,0.0,0.0,0.0,0.0,0.0
27388061,0.0,0.0,0.0,0.0,0.0,0.0,0.0,0.0,0.0
27388363,0.0,0.0,0.0,0.0,0.0,0.0,0.0,0.0,0.0
27388419,0.0,0.0,0.0,0.0,0.0,0.0,0.0,0.0,0.0
27388672,0.0,0.0,0.0,0.0,0.0,0.0,0.0,0.0,0.0
27388700,0.0,0.0,0.0,0.0,0.0,0.0,0.0,0.0,0.0
27388816,0.0,0.0,0.0,0.0,0.0,0.0,0.0,0.0,0.0
27388912,0.0,0.0,0.0,0.0,0.0,0.0,0.0,0.0,0.0
27388975,0.0,0.0,0.0,0.0,0.0,0.0,0.0,0.0,0.0
27389262,0.0,0.0,0.0,0.0,0.0,0.0,0.0,0.0,0.0
27389386,0.0,0.0,0.0,0.0,0.0,0.0,0.0,0.0,0.0
27389936,0.0,0.0,0.0,0.0,0.0,0.0,0.0,0.0,0.0
27390071,0.0,0.0,0.0,0.0,0.0,0.0,0.0,0.0,0.0
27390223,0.0,0.0,0.0,0.0,0.0,0.0,0.0,0.0,0.0
27390271,0.0,0.0,0.0,0.0,0.0,0.0,0.0,0.0,0.0
27390291,0.0,0.0,0.0,0.0,0.0,0.0,0.0,0.0,0.0
27390319,0.0,0.0,0.0,0.0,0.0,0.0,0.0,0.0,0.0
27390709,0.0,0.0,0.0,0.0,0.0,0.0,0.0,0.0,0.0
27390827,0.0,0.0,0.0,0.0,0.0,0.0,0.0,0.0,0.0
27390828,0.0,0.0,0.0,0.0,0.0,0.0,0.0,0.0,0.0
27390876,0.0,0.0,0.0,0.0,0.0,0.0,0.0,0.0,0.0
27390943,0.0,0.0,0.0,0.0,0.0,0.0,0.0,0.0,0.0
27391118,0.0,0.0,0.0,0.0,0.0,0.0,0.0,0.0,0.0
27392023,0.0,0.0,0.0,0.0,0.0,0.0,0.0,0.0,0.0
27392399,0.0,0.0,0.0,0.0,0.0,0.0,0.0,0.0,0.0
27392410,0.0,0.0,0.0,0.0,0.0,0.0,0.0,0.0,0.0
27392878,0.0,0.0,0.0,0.0,0.0,0.0,0.0,0.0,0.0
27790720,0.0,0.0,0.0,0.0,0.0,0.0,0.0,0.0,0.0
27790957,0.0,0.0,0.0,0.0,0.0,0.0,0.0,0.0,0.0
27791208,0.0,0.0,0.0,0.0,0.0,0.0,0.0,0.0,0.0
27791358,0.0,0.0,0.0,0.0,0.0,0.0,0.0,0.0,0.0
27792402,0.0,0.0,0.0,0.0,0.0,0.0,0.0,0.0,0.0
27793377,0.0,0.0,0.0,0.0,0.0,0.0,0.0,0.0,0.0
27793451,0.0,0.0,0.0,0.0,0.0,0.0,0.0,0.0,0.0
27793481,0.0,0.0,0.0,0.0,0.0,0.0,0.0,0.0,0.0
27793513,0.0,0.0,0.0,0.0,0.0,0.0,0.0,0.0,0.0
27794044,0.0,0.0,0.0,0.0,0.0,0.0,0.0,0.0,0.0
27794964,0.0,0.0,0.0,0.0,0.0,0.0,0.0,0.0,0.0
27795733,0.0,0.0,0.0,0.0,0.0,0.0,0.0,0.0,0.0
27795764,0.0,0.0,0.0,0.0,0.0,0.0,0.0,0.0,0.0
27795783,0.0,0.0,0.0,0.0,0.0,0.0,0.0,0.0,0.0
27796951,0.0,0.0,0.0,0.0,0.0,0.0,0.0,0.0,0.0
27798374,0.0,0.0,0.0,0.0,0.0,0.0,0.0,0.0,0.0
27799672,0.0,0.0,0.0,0.0,0.0,0.0,0.0,0.0,0.0
27801031,0.0,0.0,0.0,0.0,0.0,0.0,0.0,0.0,0.0
27801204,0.0,0.0,0.0,0.0,0.0,0.0,0.0,0.0,0.0
27801229,0.0,0.0,0.0,0.0,0.0,0.0,0.0,0.0,0.0
27801344,0.0,0.0,0.0,0.0,0.0,0.0,0.0,0.0,0.0
27801359,0.0,0.0,0.0,0.0,0.0,0.0,0.0,0.0,0.0
27801598,0.0,0.0,0.0,0.0,0.0,0.0,0.0,0.0,0.0
27801619,0.0,0.0,0.0,0.0,0.0,0.0,0.0,0.0,0.0
27801782,0.0,0.0,0.0,0.0,0.0,0.0,0.0,0.0,0.0
27801901,0.0,0.0,0.0,0.0,0.0,0.0,0.0,0.0,0.0
27802189,0.0,0.0,0.0,0.0,0.0,0.0,0.0,0.0,0.0
27802195,0.0,0.0,0.0,0.0,0.0,0.0,0.0,0.0,0.0
27802286,0.0,0.0,0.0,0.0,0.0,0.0,0.0,0.0,0.0
27802800,0.0,0.0,0.0,0.0,0.0,0.0,0.0,0.0,0.0
27803111,0.0,0.0,0.0,0.0,0.0,0.0,0.0,0.0,0.0
27803670,0.0,0.0,0.0,0.0,0.0,0.0,0.0,0.0,0.0
27803730,0.0,0.0,0.0,0.0,0.0,0.0,0.0,0.0,0.0
27803742,0.0,0.0,0.0,0.0,0.0,0.0,0.0,0.0,0.0
27803824,0.0,0.0,0.0,0.0,0.0,0.0,0.0,0.0,0.0
27804016,0.0,0.0,0.0,0.0,0.0,0.0,0.0,0.0,0.0
27804050,0.0,0.0,0.0,0.0,0.0,0.0,0.0,0.0,0.0
27804383,0.0,0.0,0.0,0.0,0.0,0.0,0.0,0.0,0.0
27804571,0.0,0.0,0.0,0.0,0.0,0.0,0.0,0.0,0.0
27804578,0.0,0.0,0.0,0.0,0.0,0.0,0.0,0.0,0.0
27804632,0.0,0.0,0.0,0.0,0.0,0.0,0.0,0.0,0.0
27805015,0.0,0.0,0.0,0.0,0.0,0.0,0.0,0.0,0.0
27805077,0.0,0.0,0.0,0.0,0.0,0.0,0.0,0.0,0.0
27805095,0.0,0.0,0.0,0.0,0.0,0.0,0.0,0.0,0.0
27805289,0.0,0.0,0.0,0.0,0.0,0.0,0.0,0.0,0.0
27805344,0.0,0.0,0.0,0.0,0.0,0.0,0.0,0.0,0.0
27805716,0.0,0.0,0.0,0.0,0.0,0.0,0.0,0.0,0.0
27805813,0.0,0.0,0.0,0.0,0.0,0.0,0.0,0.0,0.0
27805896,0.0,0.0,0.0,0.0,0.0,0.0,0.0,0.0,0.0
27806005,0.0,0.0,0.0,0.0,0.0,0.0,0.0,0.0,0.0
27806354,0.0,0.0,0.0,0.0,0.0,0.0,0.0,0.0,0.0
27806823,0.0,0.0,0.0,0.0,0.0,0.0,0.0,0.0,0.0
27806957,0.0,0.0,0.0,0.0,0.0,0.0,0.0,0.0,0.0
27807052,0.0,0.0,0.0,0.0,0.0,0.0,0.0,0.0,0.0
27807477,0.0,0.0,0.0,0.0,0.0,0.0,0.0,0.0,0.0
27807746,0.0,0.0,0.0,0.0,0.0,0.0,0.0,0.0,0.0
27808162,0.0,0.0,0.0,0.0,0.0,0.0,0.0,0.0,0.0
27808218,0.0,0.0,0.0,0.0,0.0,0.0,0.0,0.0,0.0
27808482,0.0,0.0,0.0,0.0,0.0,0.0,0.0,0.0,0.0
27808995,0.0,0.0,0.0,0.0,0.0,0.0,0.0,0.0,0.0
27809307,0.0,0.0,0.0,0.0,0.0,0.0,0.0,0.0,0.0
27809673,0.0,0.0,0.0,0.0,0.0,0.0,0.0,0.0,0.0
27809679,0.0,0.0,0.0,0.0,0.0,0.0,0.0,0.0,0.0
27809686,0.0,0.0,0.0,0.0,0.0,0.0,0.0,0.0,0.0
27809745,0.0,0.0,0.0,0.0,0.0,0.0,0.0,0.0,0.0
27809793,0.0,0.0,0.0,0.0,0.0,0.0,0.0,0.0,0.0
27809825,0.0,0.0,0.0,0.0,0.0,0.0,0.0,0.0,0.0
27809826,0.0,0.0,0.0,0.0,0.0,0.0,0.0,0.0,0.0
27809828,0.0,0.0,0.0,0.0,0.0,0.0,0.0,0.0,0.0
27809852,0.0,0.0,0.0,0.0,0.0,0.0,0.0,0.0,0.0
27809863,0.0,0.0,0.0,0.0,0.0,0.0,0.0,0.0,0.0
27809882,0.0,0.0,0.0,0.0,0.0,0.0,0.0,0.0,0.0
27809928,0.0,0.0,0.0,0.0,0.0,0.0,0.0,0.0,0.0
27810395,0.0,0.0,0.0,0.0,0.0,0.0,0.0,0.0,0.0
27810399,0.0,0.0,0.0,0.0,0.0,0.0,0.0,0.0,0.0
27810450,0.0,0.0,0.0,0.0,0.0,0.0,0.0,0.0,0.0
27810666,0.0,0.0,0.0,0.0,0.0,0.0,0.0,0.0,0.0
27812409,0.0,0.0,0.0,0.0,0.0,0.0,0.0,0.0,0.0
27813952,0.0,0.0,0.0,0.0,0.0,0.0,0.0,0.0,0.0
27814181,0.0,0.0,0.0,0.0,0.0,0.0,0.0,0.0,0.0
27814312,0.0,0.0,0.0,0.0,0.0,0.0,0.0,0.0,0.0
27815210,0.0,0.0,0.0,0.0,0.0,0.0,0.0,0.0,0.0
27815778,0.0,0.0,0.0,0.0,0.0,0.0,0.0,0.0,0.0
27816871,0.0,0.0,0.0,0.0,0.0,0.0,0.0,0.0,0.0
27817050,0.0,0.0,0.0,0.0,0.0,0.0,0.0,0.0,0.0
27817111,0.0,0.0,0.0,0.0,0.0,0.0,0.0,0.0,0.0
27817127,0.0,0.0,0.0,0.0,0.0,0.0,0.0,0.0,0.0
27817260,0.0,0.0,0.0,0.0,0.0,0.0,0.0,0.0,0.0
27817270,0.0,0.0,0.0,0.0,0.0,0.0,0.0,0.0,0.0
27817284,0.0,0.0,0.0,0.0,0.0,0.0,0.0,0.0,0.0
27817320,0.0,0.0,0.0,0.0,0.0,0.0,0.0,0.0,0.0
27818613,0.0,0.0,0.0,0.0,0.0,0.0,0.0,0.0,0.0
27819839,0.0,0.0,0.0,0.0,0.0,0.0,0.0,0.0,0.0
27819914,0.0,0.0,0.0,0.0,0.0,0.0,0.0,0.0,0.0
27820106,0.0,0.0,0.0,0.0,0.0,0.0,0.0,0.0,0.0
27820127,0.0,0.0,0.0,0.0,0.0,0.0,0.0,0.0,0.0
27820590,0.0,0.0,0.0,0.0,0.0,0.0,0.0,0.0,0.0
27820593,0.0,0.0,0.0,0.0,0.0,0.0,0.0,0.0,0.0
27820643,0.0,0.0,0.0,0.0,0.0,0.0,0.0,0.0,0.0
27820696,0.0,0.0,0.0,0.0,0.0,0.0,0.0,0.0,0.0
27820697,0.0,0.0,0.0,0.0,0.0,0.0,0.0,0.0,0.0
27820711,0.0,0.0,0.0,0.0,0.0,0.0,0.0,0.0,0.0
27820719,0.0,0.0,0.0,0.0,0.0,0.0,0.0,0.0,0.0
27820782,0.0,0.0,0.0,0.0,0.0,0.0,0.0,0.0,0.0
27821053,0.0,0.0,0.0,0.0,0.0,0.0,0.0,0.0,0.0
27821289,0.0,0.0,0.0,0.0,0.0,0.0,0.0,0.0,0.0
27821297,0.0,0.0,0.0,0.0,0.0,0.0,0.0,0.0,0.0
27821964,0.0,0.0,0.0,0.0,0.0,0.0,0.0,0.0,0.0
27821981,0.0,0.0,0.0,0.0,0.0,0.0,0.0,0.0,0.0
27822072,0.0,0.0,0.0,0.0,0.0,0.0,0.0,0.0,0.0
27822175,0.0,0.0,0.0,0.0,0.0,0.0,0.0,0.0,0.0
27822258,0.0,0.0,0.0,0.0,0.0,0.0,0.0,0.0,0.0
27822577,0.0,0.0,0.0,0.0,0.0,0.0,0.0,0.0,0.0
27822666,0.0,0.0,0.0,0.0,0.0,0.0,0.0,0.0,0.0
27822761,0.0,0.0,0.0,0.0,0.0,0.0,0.0,0.0,0.0
27823521,0.0,0.0,0.0,0.0,0.0,0.0,0.0,0.0,0.0
27823796,0.0,0.0,0.0,0.0,0.0,0.0,0.0,0.0,0.0
27823891,0.0,0.0,0.0,0.0,0.0,0.0,0.0,0.0,0.0
27823940,0.0,0.0,0.0,0.0,0.0,0.0,0.0,0.0,0.0
27824296,0.0,0.0,0.0,0.0,0.0,0.0,0.0,0.0,0.0
27824965,0.0,0.0,0.0,0.0,0.0,0.0,0.0,0.0,0.0
27824973,0.0,0.0,0.0,0.0,0.0,0.0,0.0,0.0,0.0
27825620,0.0,0.0,0.0,0.0,0.0,0.0,0.0,0.0,0.0
27826018,0.0,0.0,0.0,0.0,0.0,0.0,0.0,0.0,0.0
27826098,0.0,0.0,0.0,0.0,0.0,0.0,0.0,0.0,0.0
27826235,0.0,0.0,0.0,0.0,0.0,0.0,0.0,0.0,0.0
27826276,0.0,0.0,0.0,0.0,0.0,0.0,0.0,0.0,0.0
27826338,0.0,0.0,0.0,0.0,0.0,0.0,0.0,0.0,0.0
27826531,0.0,0.0,0.0,0.0,0.0,0.0,0.0,0.0,0.0
27826578,0.0,0.0,0.0,0.0,0.0,0.0,0.0,0.0,0.0
27826709,0.0,0.0,0.0,0.0,0.0,0.0,0.0,0.0,0.0
27827567,0.0,0.0,0.0,0.0,0.0,0.0,0.0,0.0,0.0
27827960,0.0,0.0,0.0,0.0,0.0,0.0,0.0,0.0,0.0
27827965,0.0,0.0,0.0,0.0,0.0,0.0,0.0,0.0,0.0
27828047,0.0,0.0,0.0,0.0,0.0,0.0,0.0,0.0,0.0
27828372,0.0,0.0,0.0,0.0,0.0,0.0,0.0,0.0,0.0
27828436,0.0,0.0,0.0,0.0,0.0,0.0,0.0,0.0,0.0
27828585,0.0,0.0,0.0,0.0,0.0,0.0,0.0,0.0,0.0
27828863,0.0,0.0,0.0,0.0,0.0,0.0,0.0,0.0,0.0
27828994,0.0,0.0,0.0,0.0,0.0,0.0,0.0,0.0,0.0
27829036,0.0,0.0,0.0,0.0,0.0,0.0,0.0,0.0,0.0
27829544,0.0,0.0,0.0,0.0,0.0,0.0,0.0,0.0,0.0
27829566,0.0,0.0,0.0,0.0,0.0,0.0,0.0,0.0,0.0
27829568,0.0,0.0,0.0,0.0,0.0,0.0,0.0,0.0,0.0
27829613,0.0,0.0,0.0,0.0,0.0,0.0,0.0,0.0,0.0
27829640,0.0,0.0,0.0,0.0,0.0,0.0,0.0,0.0,0.0
27829781,0.0,0.0,0.0,0.0,0.0,0.0,0.0,0.0,0.0
27831184,0.0,0.0,0.0,0.0,0.0,0.0,0.0,0.0,0.0
27832153,0.0,0.0,0.0,0.0,0.0,0.0,0.0,0.0,0.0
27832334,0.0,0.0,0.0,0.0,0.0,0.0,0.0,0.0,0.0
27832702,0.0,0.0,0.0,0.0,0.0,0.0,0.0,0.0,0.0
27832750,0.0,0.0,0.0,0.0,0.0,0.0,0.0,0.0,0.0
27832752,0.0,0.0,0.0,0.0,0.0,0.0,0.0,0.0,0.0
27832846,0.0,0.0,0.0,0.0,0.0,0.0,0.0,0.0,0.0
27833884,0.0,0.0,0.0,0.0,0.0,0.0,0.0,0.0,0.0
27836060,0.0,0.0,0.0,0.0,0.0,0.0,0.0,0.0,0.0
27837142,0.0,0.0,0.0,0.0,0.0,0.0,0.0,0.0,0.0
27837413,0.0,0.0,0.0,0.0,0.0,0.0,0.0,0.0,0.0
27837630,0.0,0.0,0.0,0.0,0.0,0.0,0.0,0.0,0.0
27837708,0.0,0.0,0.0,0.0,0.0,0.0,0.0,0.0,0.0
27837830,0.0,0.0,0.0,0.0,0.0,0.0,0.0,0.0,0.0
27837913,0.0,0.0,0.0,0.0,0.0,0.0,0.0,0.0,0.0
27838486,0.0,0.0,0.0,0.0,0.0,0.0,0.0,0.0,0.0
27838542,0.0,0.0,0.0,0.0,0.0,0.0,0.0,0.0,0.0
27838565,0.0,0.0,0.0,0.0,0.0,0.0,0.0,0.0,0.0
27839108,0.0,0.0,0.0,0.0,0.0,0.0,0.0,0.0,0.0
27839246,0.0,0.0,0.0,0.0,0.0,0.0,0.0,0.0,0.0
27839328,0.0,0.0,0.0,0.0,0.0,0.0,0.0,0.0,0.0
27839364,0.0,0.0,0.0,0.0,0.0,0.0,0.0,0.0,0.0
27839649,0.0,0.0,0.0,0.0,0.0,0.0,0.0,0.0,0.0
27841731,0.0,0.0,0.0,0.0,0.0,0.0,0.0,0.0,0.0
27842419,0.0,0.0,0.0,0.0,0.0,0.0,0.0,0.0,0.0
27842521,0.0,0.0,0.0,0.0,0.0,0.0,0.0,0.0,0.0
27843188,0.0,0.0,0.0,0.0,0.0,0.0,0.0,0.0,0.0
27843587,0.0,0.0,0.0,0.0,0.0,0.0,0.0,0.0,0.0
27843967,0.0,0.0,0.0,0.0,0.0,0.0,0.0,0.0,0.0
27844389,0.0,0.0,0.0,0.0,0.0,0.0,0.0,0.0,0.0
27844658,0.0,0.0,0.0,0.0,0.0,0.0,0.0,0.0,0.0
27844773,0.0,0.0,0.0,0.0,0.0,0.0,0.0,0.0,0.0
27844928,0.0,0.0,0.0,0.0,0.0,0.0,0.0,0.0,0.0
27844971,0.0,0.0,0.0,0.0,0.0,0.0,0.0,0.0,0.0
27845007,0.0,0.0,0.0,0.0,0.0,0.0,0.0,0.0,0.0
27846556,0.0,0.0,0.0,0.0,0.0,0.0,0.0,0.0,0.0
27846603,0.0,0.0,0.0,0.0,0.0,0.0,0.0,0.0,0.0
27846986,0.0,0.0,0.0,0.0,0.0,0.0,0.0,0.0,0.0
27846987,0.0,0.0,0.0,0.0,0.0,0.0,0.0,0.0,0.0
27847155,0.0,0.0,0.0,0.0,0.0,0.0,0.0,0.0,0.0
27847200,0.0,0.0,0.0,0.0,0.0,0.0,0.0,0.0,0.0
27847244,0.0,0.0,0.0,0.0,0.0,0.0,0.0,0.0,0.0
27847265,0.0,0.0,0.0,0.0,0.0,0.0,0.0,0.0,0.0
27847278,0.0,0.0,0.0,0.0,0.0,0.0,0.0,0.0,0.0
27848545,0.0,0.0,0.0,0.0,0.0,0.0,0.0,0.0,0.0
27848657,0.0,0.0,0.0,0.0,0.0,0.0,0.0,0.0,0.0
27848835,0.0,0.0,0.0,0.0,0.0,0.0,0.0,0.0,0.0
27849022,0.0,0.0,0.0,0.0,0.0,0.0,0.0,0.0,0.0
27849428,0.0,0.0,0.0,0.0,0.0,0.0,0.0,0.0,0.0
27850759,0.0,0.0,0.0,0.0,0.0,0.0,0.0,0.0,0.0
27850966,0.0,0.0,0.0,0.0,0.0,0.0,0.0,0.0,0.0
27851107,0.0,0.0,0.0,0.0,0.0,0.0,0.0,0.0,0.0
27852983,0.0,0.0,0.0,0.0,0.0,0.0,0.0,0.0,0.0
27853420,0.0,0.0,0.0,0.0,0.0,0.0,0.0,0.0,0.0
27853492,0.0,0.0,0.0,0.0,0.0,0.0,0.0,0.0,0.0
27853502,0.0,0.0,0.0,0.0,0.0,0.0,0.0,0.0,0.0
27853513,0.0,0.0,0.0,0.0,0.0,0.0,0.0,0.0,0.0
27853610,0.0,0.0,0.0,0.0,0.0,0.0,0.0,0.0,0.0
27853619,0.0,0.0,0.0,0.0,0.0,0.0,0.0,0.0,0.0
27853692,0.0,0.0,0.0,0.0,0.0,0.0,0.0,0.0,0.0
27853755,0.0,0.0,0.0,0.0,0.0,0.0,0.0,0.0,0.0
27853819,0.0,0.0,0.0,0.0,0.0,0.0,0.0,0.0,0.0
27853891,0.0,0.0,0.0,0.0,0.0,0.0,0.0,0.0,0.0
27854684,0.0,0.0,0.0,0.0,0.0,0.0,0.0,0.0,0.0
27854761,0.0,0.0,0.0,0.0,0.0,0.0,0.0,0.0,0.0
27856185,0.0,0.0,0.0,0.0,0.0,0.0,0.0,0.0,0.0
27856524,0.0,0.0,0.0,0.0,0.0,0.0,0.0,0.0,0.0
27858079,0.0,0.0,0.0,0.0,0.0,0.0,0.0,0.0,0.0
27859622,0.0,0.0,0.0,0.0,0.0,0.0,0.0,0.0,0.0
27859654,0.0,0.0,0.0,0.0,0.0,0.0,0.0,0.0,0.0
27860519,0.0,0.0,0.0,0.0,0.0,0.0,0.0,0.0,0.0
27860948,0.0,0.0,0.0,0.0,0.0,0.0,0.0,0.0,0.0
27861529,0.0,0.0,0.0,0.0,0.0,0.0,0.0,0.0,0.0
27861854,0.0,0.0,0.0,0.0,0.0,0.0,0.0,0.0,0.0
27862367,0.0,0.0,0.0,0.0,0.0,0.0,0.0,0.0,0.0
27863325,0.0,0.0,0.0,0.0,0.0,0.0,0.0,0.0,0.0
27863342,0.0,0.0,0.0,0.0,0.0,0.0,0.0,0.0,0.0
27863364,0.0,0.0,0.0,0.0,0.0,0.0,0.0,0.0,0.0
27863492,0.0,0.0,0.0,0.0,0.0,0.0,0.0,0.0,0.0
27863524,0.0,0.0,0.0,0.0,0.0,0.0,0.0,0.0,0.0
27864385,0.0,0.0,0.0,0.0,0.0,0.0,0.0,0.0,0.0
27866858,0.0,0.0,0.0,0.0,0.0,0.0,0.0,0.0,0.0
27867009,0.0,0.0,0.0,0.0,0.0,0.0,0.0,0.0,0.0
27867295,0.0,0.0,0.0,0.0,0.0,0.0,0.0,0.0,0.0
27867320,0.0,0.0,0.0,0.0,0.0,0.0,0.0,0.0,0.0
27868671,0.0,0.0,0.0,0.0,0.0,0.0,0.0,0.0,0.0
27869124,0.0,0.0,0.0,0.0,0.0,0.0,0.0,0.0,0.0
27871353,0.0,0.0,0.0,0.0,0.0,0.0,0.0,0.0,0.0
27872065,0.0,0.0,0.0,0.0,0.0,0.0,0.0,0.0,0.0
27872090,0.0,0.0,0.0,0.0,0.0,0.0,0.0,0.0,0.0
27872346,0.0,0.0,0.0,0.0,0.0,0.0,0.0,0.0,0.0
27872375,0.0,0.0,0.0,0.0,0.0,0.0,0.0,0.0,0.0
27873105,0.0,0.0,0.0,0.0,0.0,0.0,0.0,0.0,0.0
27873254,0.0,0.0,0.0,0.0,0.0,0.0,0.0,0.0,0.0
27875292,0.0,0.0,0.0,0.0,0.0,0.0,0.0,0.0,0.0
27875536,0.0,0.0,0.0,0.0,0.0,0.0,0.0,0.0,0.0
27875573,0.0,0.0,0.0,0.0,0.0,0.0,0.0,0.0,0.0
27875678,0.0,0.0,0.0,0.0,0.0,0.0,0.0,0.0,0.0
27876547,0.0,0.0,0.0,0.0,0.0,0.0,0.0,0.0,0.0
27876652,0.0,0.0,0.0,0.0,0.0,0.0,0.0,0.0,0.0
27877075,0.0,0.0,0.0,0.0,0.0,0.0,0.0,0.0,0.0
27877878,0.0,0.0,0.0,0.0,0.0,0.0,0.0,0.0,0.0
27878191,0.0,0.0,0.0,0.0,0.0,0.0,0.0,0.0,0.0
27878419,0.0,0.0,0.0,0.0,0.0,0.0,0.0,0.0,0.0
27879446,0.0,0.0,0.0,0.0,0.0,0.0,0.0,0.0,0.0
27880308,0.0,0.0,0.0,0.0,0.0,0.0,0.0,0.0,0.0
27880313,0.0,0.0,0.0,0.0,0.0,0.0,0.0,0.0,0.0
27880477,0.0,0.0,0.0,0.0,0.0,0.0,0.0,0.0,0.0
27882180,0.0,0.0,0.0,0.0,0.0,0.0,0.0,0.0,0.0
27882747,0.0,0.0,0.0,0.0,0.0,0.0,0.0,0.0,0.0
27887188,0.0,0.0,0.0,0.0,0.0,0.0,0.0,0.0,0.0
27890575,0.0,0.0,0.0,0.0,0.0,0.0,0.0,0.0,0.0
504327934,0.0,0.0,0.0,0.0,0.0,0.0,0.0,0.0,0.0
504328716,0.0,0.0,0.0,0.0,0.0,0.0,0.0,0.0,0.0
504329271,0.0,0.0,0.0,0.0,0.0,0.0,0.0,0.0,0.0
504329427,0.0,0.0,0.0,0.0,0.0,0.0,0.0,0.0,0.0
504329461,0.0,0.0,0.0,0.0,0.0,0.0,0.0,0.0,0.0
504329836,0.0,0.0,0.0,0.0,0.0,0.0,0.0,0.0,0.0
504330927,0.0,0.0,0.0,0.0,0.0,0.0,0.0,0.0,0.0
504333251,0.0,0.0,0.0,0.0,0.0,0.0,0.0,0.0,0.0
504333643,0.0,0.0,0.0,0.0,0.0,0.0,0.0,0.0,0.0
504334005,0.0,0.0,0.0,0.0,0.0,0.0,0.0,0.0,0.0
504334043,0.0,0.0,0.0,0.0,0.0,0.0,0.0,0.0,0.0
504336051,0.0,0.0,0.0,0.0,0.0,0.0,0.0,0.0,0.0
504336563,0.0,0.0,0.0,0.0,0.0,0.0,0.0,0.0,0.0
504336564,0.0,0.0,0.0,0.0,0.0,0.0,0.0,0.0,0.0
504336738,0.0,0.0,0.0,0.0,0.0,0.0,0.0,0.0,0.0
504336762,0.0,0.0,0.0,0.0,0.0,0.0,0.0,0.0,0.0
504336812,0.0,0.0,0.0,0.0,0.0,0.0,0.0,0.0,0.0
504336868,0.0,0.0,0.0,0.0,0.0,0.0,0.0,0.0,0.0
504336915,0.0,0.0,0.0,0.0,0.0,0.0,0.0,0.0,0.0
504336920,0.0,0.0,0.0,0.0,0.0,0.0,0.0,0.0,0.0
504337993,0.0,0.0,0.0,0.0,0.0,0.0,0.0,0.0,0.0
504338000,0.0,0.0,0.0,0.0,0.0,0.0,0.0,0.0,0.0
504338862,0.0,0.0,0.0,0.0,0.0,0.0,0.0,0.0,0.0
504339844,0.0,0.0,0.0,0.0,0.0,0.0,0.0,0.0,0.0
504340924,0.0,0.0,0.0,0.0,0.0,0.0,0.0,0.0,0.0
504341625,0.0,0.0,0.0,0.0,0.0,0.0,0.0,0.0,0.0
504342171,0.0,0.0,0.0,0.0,0.0,0.0,0.0,0.0,0.0
504343999,0.0,0.0,0.0,0.0,0.0,0.0,0.0,0.0,0.0
504345544,0.0,0.0,0.0,0.0,0.0,0.0,0.0,0.0,0.0
504345636,0.0,0.0,0.0,0.0,0.0,0.0,0.0,0.0,0.0
504345932,0.0,0.0,0.0,0.0,0.0,0.0,0.0,0.0,0.0
504346223,0.0,0.0,0.0,0.0,0.0,0.0,0.0,0.0,0.0
504346364,0.0,0.0,0.0,0.0,0.0,0.0,0.0,0.0,0.0
504346647,0.0,0.0,0.0,0.0,0.0,0.0,0.0,0.0,0.0
504347099,0.0,0.0,0.0,0.0,0.0,0.0,0.0,0.0,0.0
504347180,0.0,0.0,0.0,0.0,0.0,0.0,0.0,0.0,0.0
504347225,0.0,0.0,0.0,0.0,0.0,0.0,0.0,0.0,0.0
504347329,0.0,0.0,0.0,0.0,0.0,0.0,0.0,0.0,0.0
504347783,0.0,0.0,0.0,0.0,0.0,0.0,0.0,0.0,0.0
504349952,0.0,0.0,0.0,0.0,0.0,0.0,0.0,0.0,0.0
504350366,0.0,0.0,0.0,0.0,0.0,0.0,0.0,0.0,0.0
504351424,0.0,0.0,0.0,0.0,0.0,0.0,0.0,0.0,0.0
504351466,0.0,0.0,0.0,0.0,0.0,0.0,0.0,0.0,0.0
504351469,0.0,0.0,0.0,0.0,0.0,0.0,0.0,0.0,0.0
504351474,0.0,0.0,0.0,0.0,0.0,0.0,0.0,0.0,0.0
504351507,0.0,0.0,0.0,0.0,0.0,0.0,0.0,0.0,0.0
504351699,0.0,0.0,0.0,0.0,0.0,0.0,0.0,0.0,0.0
504351768,0.0,0.0,0.0,0.0,0.0,0.0,0.0,0.0,0.0
504352727,0.0,0.0,0.0,0.0,0.0,0.0,0.0,0.0,0.0
504353018,0.0,0.0,0.0,0.0,0.0,0.0,0.0,0.0,0.0
504353426,0.0,0.0,0.0,0.0,0.0,0.0,0.0,0.0,0.0
504354365,0.0,0.0,0.0,0.0,0.0,0.0,0.0,0.0,0.0
504355126,0.0,0.0,0.0,0.0,0.0,0.0,0.0,0.0,0.0
504357330,0.0,0.0,0.0,0.0,0.0,0.0,0.0,0.0,0.0
504357667,0.0,0.0,0.0,0.0,0.0,0.0,0.0,0.0,0.0
504357830,0.0,0.0,0.0,0.0,0.0,0.0,0.0,0.0,0.0
504360233,0.0,0.0,0.0,0.0,0.0,0.0,0.0,0.0,0.0
504362035,0.0,0.0,0.0,0.0,0.0,0.0,0.0,0.0,0.0
504365115,0.0,0.0,0.0,0.0,0.0,0.0,0.0,0.0,0.0
504366525,0.0,0.0,0.0,0.0,0.0,0.0,0.0,0.0,0.0
504368253,0.0,0.0,0.0,0.0,0.0,0.0,0.0,0.0,0.0
504368381,0.0,0.0,0.0,0.0,0.0,0.0,0.0,0.0,0.0
504371163,0.0,0.0,0.0,0.0,0.0,0.0,0.0,0.0,0.0
504376962,0.0,0.0,0.0,0.0,0.0,0.0,0.0,0.0,0.0
504380857,0.0,0.0,0.0,0.0,0.0,0.0,0.0,0.0,0.0
504381584,0.0,0.0,0.0,0.0,0.0,0.0,0.0,0.0,0.0
504381589,0.0,0.0,0.0,0.0,0.0,0.0,0.0,0.0,0.0
504381831,0.0,0.0,0.0,0.0,0.0,0.0,0.0,0.0,0.0
504382069,0.0,0.0,0.0,0.0,0.0,0.0,0.0,0.0,0.0
504384590,0.0,0.0,0.0,0.0,0.0,0.0,0.0,0.0,0.0
504385383,0.0,0.0,0.0,0.0,0.0,0.0,0.0,0.0,0.0
504387218,0.0,0.0,0.0,0.0,0.0,0.0,0.0,0.0,0.0
504387287,0.0,0.0,0.0,0.0,0.0,0.0,0.0,0.0,0.0
504388681,0.0,0.0,0.0,0.0,0.0,0.0,0.0,0.0,0.0
504388798,0.0,0.0,0.0,0.0,0.0,0.0,0.0,0.0,0.0
504389816,0.0,0.0,0.0,0.0,0.0,0.0,0.0,0.0,0.0
504390492,0.0,0.0,0.0,0.0,0.0,0.0,0.0,0.0,0.0
504390493,0.0,0.0,0.0,0.0,0.0,0.0,0.0,0.0,0.0
504390545,0.0,0.0,0.0,0.0,0.0,0.0,0.0,0.0,0.0
504391576,0.0,0.0,0.0,0.0,0.0,0.0,0.0,0.0,0.0
504392332,0.0,0.0,0.0,0.0,0.0,0.0,0.0,0.0,0.0
504395066,0.0,0.0,0.0,0.0,0.0,0.0,0.0,0.0,0.0
504395322,0.0,0.0,0.0,0.0,0.0,0.0,0.0,0.0,0.0
504395895,0.0,0.0,0.0,0.0,0.0,0.0,0.0,0.0,0.0
504397336,0.0,0.0,0.0,0.0,0.0,0.0,0.0,0.0,0.0
504397863,0.0,0.0,0.0,0.0,0.0,0.0,0.0,0.0,0.0
504400079,0.0,0.0,0.0,0.0,0.0,0.0,0.0,0.0,0.0
504401003,0.0,0.0,0.0,0.0,0.0,0.0,0.0,0.0,0.0
504401036,0.0,0.0,0.0,0.0,0.0,0.0,0.0,0.0,0.0
504401676,0.0,0.0,0.0,0.0,0.0,0.0,0.0,0.0,0.0
504402555,0.0,0.0,0.0,0.0,0.0,0.0,0.0,0.0,0.0
504408291,0.0,0.0,0.0,0.0,0.0,0.0,0.0,0.0,0.0
504408409,0.0,0.0,0.0,0.0,0.0,0.0,0.0,0.0,0.0
504408471,0.0,0.0,0.0,0.0,0.0,0.0,0.0,0.0,0.0
504408632,0.0,0.0,0.0,0.0,0.0,0.0,0.0,0.0,0.0
504408669,0.0,0.0,0.0,0.0,0.0,0.0,0.0,0.0,0.0
504408824,0.0,0.0,0.0,0.0,0.0,0.0,0.0,0.0,0.0
504408952,0.0,0.0,0.0,0.0,0.0,0.0,0.0,0.0,0.0
504409199,0.0,0.0,0.0,0.0,0.0,0.0,0.0,0.0,0.0
504412460,0.0,0.0,0.0,0.0,0.0,0.0,0.0,0.0,0.0
504413297,0.0,0.0,0.0,0.0,0.0,0.0,0.0,0.0,0.0
504413469,0.0,0.0,0.0,0.0,0.0,0.0,0.0,0.0,0.0
504413580,0.0,0.0,0.0,0.0,0.0,0.0,0.0,0.0,0.0
504414977,0.0,0.0,0.0,0.0,0.0,0.0,0.0,0.0,0.0
504416303,0.0,0.0,0.0,0.0,0.0,0.0,0.0,0.0,0.0
504416469,0.0,0.0,0.0,0.0,0.0,0.0,0.0,0.0,0.0
504420292,0.0,0.0,0.0,0.0,0.0,0.0,0.0,0.0,0.0
504421020,0.0,0.0,0.0,0.0,0.0,0.0,0.0,0.0,0.0
504423211,0.0,0.0,0.0,0.0,0.0,0.0,0.0,0.0,0.0
504423619,0.0,0.0,0.0,0.0,0.0,0.0,0.0,0.0,0.0
504423775,0.0,0.0,0.0,0.0,0.0,0.0,0.0,0.0,0.0
504424204,0.0,0.0,0.0,0.0,0.0,0.0,0.0,0.0,0.0
504424299,0.0,0.0,0.0,0.0,0.0,0.0,0.0,0.0,0.0
504426029,0.0,0.0,0.0,0.0,0.0,0.0,0.0,0.0,0.0
504426195,0.0,0.0,0.0,0.0,0.0,0.0,0.0,0.0,0.0
504426301,0.0,0.0,0.0,0.0,0.0,0.0,0.0,0.0,0.0
504427057,0.0,0.0,0.0,0.0,0.0,0.0,0.0,0.0,0.0
504427389,0.0,0.0,0.0,0.0,0.0,0.0,0.0,0.0,0.0
504427939,0.0,0.0,0.0,0.0,0.0,0.0,0.0,0.0,0.0
504428006,0.0,0.0,0.0,0.0,0.0,0.0,0.0,0.0,0.0
504428022,0.0,0.0,0.0,0.0,0.0,0.0,0.0,0.0,0.0
504428239,0.0,0.0,0.0,0.0,0.0,0.0,0.0,0.0,0.0
504428249,0.0,0.0,0.0,0.0,0.0,0.0,0.0,0.0,0.0
504428395,0.0,0.0,0.0,0.0,0.0,0.0,0.0,0.0,0.0
504428424,0.0,0.0,0.0,0.0,0.0,0.0,0.0,0.0,0.0
504428819,0.0,0.0,0.0,0.0,0.0,0.0,0.0,0.0,0.0
504429299,0.0,0.0,0.0,0.0,0.0,0.0,0.0,0.0,0.0
504429339,0.0,0.0,0.0,0.0,0.0,0.0,0.0,0.0,0.0
504429343,0.0,0.0,0.0,0.0,0.0,0.0,0.0,0.0,0.0
504430437,0.0,0.0,0.0,0.0,0.0,0.0,0.0,0.0,0.0
504431398,0.0,0.0,0.0,0.0,0.0,0.0,0.0,0.0,0.0
504431611,0.0,0.0,0.0,0.0,0.0,0.0,0.0,0.0,0.0
504433659,0.0,0.0,0.0,0.0,0.0,0.0,0.0,0.0,0.0
533174543,0.0,0.0,0.0,0.0,0.0,0.0,0.0,0.0,0.0
533174547,0.0,0.0,0.0,0.0,0.0,0.0,0.0,0.0,0.0
533175655,0.0,0.0,0.0,0.0,0.0,0.0,0.0,0.0,0.0
533175850,0.0,0.0,0.0,0.0,0.0,0.0,0.0,0.0,0.0
533177196,0.0,0.0,0.0,0.0,0.0,0.0,0.0,0.0,0.0
533177275,0.0,0.0,0.0,0.0,0.0,0.0,0.0,0.0,0.0
533177327,0.0,0.0,0.0,0.0,0.0,0.0,0.0,0.0,0.0
533178326,0.0,0.0,0.0,0.0,0.0,0.0,0.0,0.0,0.0
533178451,0.0,0.0,0.0,0.0,0.0,0.0,0.0,0.0,0.0
533178511,0.0,0.0,0.0,0.0,0.0,0.0,0.0,0.0,0.0
533178855,0.0,0.0,0.0,0.0,0.0,0.0,0.0,0.0,0.0
533179869,0.0,0.0,0.0,0.0,0.0,0.0,0.0,0.0,0.0
533180924,0.0,0.0,0.0,0.0,0.0,0.0,0.0,0.0,0.0
533180990,0.0,0.0,0.0,0.0,0.0,0.0,0.0,0.0,0.0
533182136,0.0,0.0,0.0,0.0,0.0,0.0,0.0,0.0,0.0
533182633,0.0,0.0,0.0,0.0,0.0,0.0,0.0,0.0,0.0
533184860,0.0,0.0,0.0,0.0,0.0,0.0,0.0,0.0,0.0
533184862,0.0,0.0,0.0,0.0,0.0,0.0,0.0,0.0,0.0
533185108,0.0,0.0,0.0,0.0,0.0,0.0,0.0,0.0,0.0
533185721,0.0,0.0,0.0,0.0,0.0,0.0,0.0,0.0,0.0
533185873,0.0,0.0,0.0,0.0,0.0,0.0,0.0,0.0,0.0
533186174,0.0,0.0,0.0,0.0,0.0,0.0,0.0,0.0,0.0
533189525,0.0,0.0,0.0,0.0,0.0,0.0,0.0,0.0,0.0
533189863,0.0,0.0,0.0,0.0,0.0,0.0,0.0,0.0,0.0
533191217,0.0,0.0,0.0,0.0,0.0,0.0,0.0,0.0,0.0
533191451,0.0,0.0,0.0,0.0,0.0,0.0,0.0,0.0,0.0
533193707,0.0,0.0,0.0,0.0,0.0,0.0,0.0,0.0,0.0
533194041,0.0,0.0,0.0,0.0,0.0,0.0,0.0,0.0,0.0
533194885,0.0,0.0,0.0,0.0,0.0,0.0,0.0,0.0,0.0
533195438,0.0,0.0,0.0,0.0,0.0,0.0,0.0,0.0,0.0
533195444,0.0,0.0,0.0,0.0,0.0,0.0,0.0,0.0,0.0
533195449,0.0,0.0,0.0,0.0,0.0,0.0,0.0,0.0,0.0
533195473,0.0,0.0,0.0,0.0,0.0,0.0,0.0,0.0,0.0
533195485,0.0,0.0,0.0,0.0,0.0,0.0,0.0,0.0,0.0
533198040,0.0,0.0,0.0,0.0,0.0,0.0,0.0,0.0,0.0
533200264,0.0,0.0,0.0,0.0,0.0,0.0,0.0,0.0,0.0
533201480,0.0,0.0,0.0,0.0,0.0,0.0,0.0,0.0,0.0
533201498,0.0,0.0,0.0,0.0,0.0,0.0,0.0,0.0,0.0
533201854,0.0,0.0,0.0,0.0,0.0,0.0,0.0,0.0,0.0
533201920,0.0,0.0,0.0,0.0,0.0,0.0,0.0,0.0,0.0
533202120,0.0,0.0,0.0,0.0,0.0,0.0,0.0,0.0,0.0
533202555,0.0,0.0,0.0,0.0,0.0,0.0,0.0,0.0,0.0
533203002,0.0,0.0,0.0,0.0,0.0,0.0,0.0,0.0,0.0
533203019,0.0,0.0,0.0,0.0,0.0,0.0,0.0,0.0,0.0
533203438,0.0,0.0,0.0,0.0,0.0,0.0,0.0,0.0,0.0
533205437,0.0,0.0,0.0,0.0,0.0,0.0,0.0,0.0,0.0
533205770,0.0,0.0,0.0,0.0,0.0,0.0,0.0,0.0,0.0
533207497,0.0,0.0,0.0,0.0,0.0,0.0,0.0,0.0,0.0
533209071,0.0,0.0,0.0,0.0,0.0,0.0,0.0,0.0,0.0
533213890,0.0,0.0,0.0,0.0,0.0,0.0,0.0,0.0,0.0
533216743,0.0,0.0,0.0,0.0,0.0,0.0,0.0,0.0,0.0
533216785,0.0,0.0,0.0,0.0,0.0,0.0,0.0,0.0,0.0
533218853,0.0,0.0,0.0,0.0,0.0,0.0,0.0,0.0,0.0
533219145,0.0,0.0,0.0,0.0,0.0,0.0,0.0,0.0,0.0
533219629,0.0,0.0,0.0,0.0,0.0,0.0,0.0,0.0,0.0
533221725,0.0,0.0,0.0,0.0,0.0,0.0,0.0,0.0,0.0
533222260,0.0,0.0,0.0,0.0,0.0,0.0,0.0,0.0,0.0
533222765,0.0,0.0,0.0,0.0,0.0,0.0,0.0,0.0,0.0
533223218,0.0,0.0,0.0,0.0,0.0,0.0,0.0,0.0,0.0
533223882,0.0,0.0,0.0,0.0,0.0,0.0,0.0,0.0,0.0
533226274,0.0,0.0,0.0,0.0,0.0,0.0,0.0,0.0,0.0
533228737,0.0,0.0,0.0,0.0,0.0,0.0,0.0,0.0,0.0
533229360,0.0,0.0,0.0,0.0,0.0,0.0,0.0,0.0,0.0
533229362,0.0,0.0,0.0,0.0,0.0,0.0,0.0,0.0,0.0
533229379,0.0,0.0,0.0,0.0,0.0,0.0,0.0,0.0,0.0
533229787,0.0,0.0,0.0,0.0,0.0,0.0,0.0,0.0,0.0
533230002,0.0,0.0,0.0,0.0,0.0,0.0,0.0,0.0,0.0
533231729,0.0,0.0,0.0,0.0,0.0,0.0,0.0,0.0,0.0
533237211,0.0,0.0,0.0,0.0,0.0,0.0,0.0,0.0,0.0
533237330,0.0,0.0,0.0,0.0,0.0,0.0,0.0,0.0,0.0
533237348,0.0,0.0,0.0,0.0,0.0,0.0,0.0,0.0,0.0
533237744,0.0,0.0,0.0,0.0,0.0,0.0,0.0,0.0,0.0
533238082,0.0,0.0,0.0,0.0,0.0,0.0,0.0,0.0,0.0
533239437,0.0,0.0,0.0,0.0,0.0,0.0,0.0,0.0,0.0
533240180,0.0,0.0,0.0,0.0,0.0,0.0,0.0,0.0,0.0
533241288,0.0,0.0,0.0,0.0,0.0,0.0,0.0,0.0,0.0
533244189,0.0,0.0,0.0,0.0,0.0,0.0,0.0,0.0,0.0
533250633,0.0,0.0,0.0,0.0,0.0,0.0,0.0,0.0,0.0
533253042,0.0,0.0,0.0,0.0,0.0,0.0,0.0,0.0,0.0
533253303,0.0,0.0,0.0,0.0,0.0,0.0,0.0,0.0,0.0
533253452,0.0,0.0,0.0,0.0,0.0,0.0,0.0,0.0,0.0
533253763,0.0,0.0,0.0,0.0,0.0,0.0,0.0,0.0,0.0
533254077,0.0,0.0,0.0,0.0,0.0,0.0,0.0,0.0,0.0
533254248,0.0,0.0,0.0,0.0,0.0,0.0,0.0,0.0,0.0
533254312,0.0,0.0,0.0,0.0,0.0,0.0,0.0,0.0,0.0
533255422,0.0,0.0,0.0,0.0,0.0,0.0,0.0,0.0,0.0
533255667,0.0,0.0,0.0,0.0,0.0,0.0,0.0,0.0,0.0
533256459,0.0,0.0,0.0,0.0,0.0,0.0,0.0,0.0,0.0
533256851,0.0,0.0,0.0,0.0,0.0,0.0,0.0,0.0,0.0
533256903,0.0,0.0,0.0,0.0,0.0,0.0,0.0,0.0,0.0
533257018,0.0,0.0,0.0,0.0,0.0,0.0,0.0,0.0,0.0
533258669,0.0,0.0,0.0,0.0,0.0,0.0,0.0,0.0,0.0
533259172,0.0,0.0,0.0,0.0,0.0,0.0,0.0,0.0,0.0
533259912,0.0,0.0,0.0,0.0,0.0,0.0,0.0,0.0,0.0
533260880,0.0,0.0,0.0,0.0,0.0,0.0,0.0,0.0,0.0
533261570,0.0,0.0,0.0,0.0,0.0,0.0,0.0,0.0,0.0
533261614,0.0,0.0,0.0,0.0,0.0,0.0,0.0,0.0,0.0
533261629,0.0,0.0,0.0,0.0,0.0,0.0,0.0,0.0,0.0
533261746,0.0,0.0,0.0,0.0,0.0,0.0,0.0,0.0,0.0
533261929,0.0,0.0,0.0,0.0,0.0,0.0,0.0,0.0,0.0
533263406,0.0,0.0,0.0,0.0,0.0,0.0,0.0,0.0,0.0
533263420,0.0,0.0,0.0,0.0,0.0,0.0,0.0,0.0,0.0
533263423,0.0,0.0,0.0,0.0,0.0,0.0,0.0,0.0,0.0
533263480,0.0,0.0,0.0,0.0,0.0,0.0,0.0,0.0,0.0
533263558,0.0,0.0,0.0,0.0,0.0,0.0,0.0,0.0,0.0
533264115,0.0,0.0,0.0,0.0,0.0,0.0,0.0,0.0,0.0
533264152,0.0,0.0,0.0,0.0,0.0,0.0,0.0,0.0,0.0
533264250,0.0,0.0,0.0,0.0,0.0,0.0,0.0,0.0,0.0
533265339,0.0,0.0,0.0,0.0,0.0,0.0,0.0,0.0,0.0
533266269,0.0,0.0,0.0,0.0,0.0,0.0,0.0,0.0,0.0
533267244,0.0,0.0,0.0,0.0,0.0,0.0,0.0,0.0,0.0
533268969,0.0,0.0,0.0,0.0,0.0,0.0,0.0,0.0,0.0
533270675,0.0,0.0,0.0,0.0,0.0,0.0,0.0,0.0,0.0
533270790,0.0,0.0,0.0,0.0,0.0,0.0,0.0,0.0,0.0
533272000,0.0,0.0,0.0,0.0,0.0,0.0,0.0,0.0,0.0
533272060,0.0,0.0,0.0,0.0,0.0,0.0,0.0,0.0,0.0
533272113,0.0,0.0,0.0,0.0,0.0,0.0,0.0,0.0,0.0
533272261,0.0,0.0,0.0,0.0,0.0,0.0,0.0,0.0,0.0
533272274,0.0,0.0,0.0,0.0,0.0,0.0,0.0,0.0,0.0
533272328,0.0,0.0,0.0,0.0,0.0,0.0,0.0,0.0,0.0
533272940,0.0,0.0,0.0,0.0,0.0,0.0,0.0,0.0,0.0
533273103,0.0,0.0,0.0,0.0,0.0,0.0,0.0,0.0,0.0
533274934,0.0,0.0,0.0,0.0,0.0,0.0,0.0,0.0,0.0
533275430,0.0,0.0,0.0,0.0,0.0,0.0,0.0,0.0,0.0
533275817,0.0,0.0,0.0,0.0,0.0,0.0,0.0,0.0,0.0
533276098,0.0,0.0,0.0,0.0,0.0,0.0,0.0,0.0,0.0
533277381,0.0,0.0,0.0,0.0,0.0,0.0,0.0,0.0,0.0
533277492,0.0,0.0,0.0,0.0,0.0,0.0,0.0,0.0,0.0
533277542,0.0,0.0,0.0,0.0,0.0,0.0,0.0,0.0,0.0
533277609,0.0,0.0,0.0,0.0,0.0,0.0,0.0,0.0,0.0
533277621,0.0,0.0,0.0,0.0,0.0,0.0,0.0,0.0,0.0
533278764,0.0,0.0,0.0,0.0,0.0,0.0,0.0,0.0,0.0
533278814,0.0,0.0,0.0,0.0,0.0,0.0,0.0,0.0,0.0
533280122,0.0,0.0,0.0,0.0,0.0,0.0,0.0,0.0,0.0
533280233,0.0,0.0,0.0,0.0,0.0,0.0,0.0,0.0,0.0
533280441,0.0,0.0,0.0,0.0,0.0,0.0,0.0,0.0,0.0
533280749,0.0,0.0,0.0,0.0,0.0,0.0,0.0,0.0,0.0
533280981,0.0,0.0,0.0,0.0,0.0,0.0,0.0,0.0,0.0
533281468,0.0,0.0,0.0,0.0,0.0,0.0,0.0,0.0,0.0
533281489,0.0,0.0,0.0,0.0,0.0,0.0,0.0,0.0,0.0
533281642,0.0,0.0,0.0,0.0,0.0,0.0,0.0,0.0,0.0
533281773,0.0,0.0,0.0,0.0,0.0,0.0,0.0,0.0,0.0
533281941,0.0,0.0,0.0,0.0,0.0,0.0,0.0,0.0,0.0
533282091,0.0,0.0,0.0,0.0,0.0,0.0,0.0,0.0,0.0
533282290,0.0,0.0,0.0,0.0,0.0,0.0,0.0,0.0,0.0
533282297,0.0,0.0,0.0,0.0,0.0,0.0,0.0,0.0,0.0
533282531,0.0,0.0,0.0,0.0,0.0,0.0,0.0,0.0,0.0
533284501,0.0,0.0,0.0,0.0,0.0,0.0,0.0,0.0,0.0
533284750,0.0,0.0,0.0,0.0,0.0,0.0,0.0,0.0,0.0
533284961,0.0,0.0,0.0,0.0,0.0,0.0,0.0,0.0,0.0
533285180,0.0,0.0,0.0,0.0,0.0,0.0,0.0,0.0,0.0
533286573,0.0,0.0,0.0,0.0,0.0,0.0,0.0,0.0,0.0
533287602,0.0,0.0,0.0,0.0,0.0,0.0,0.0,0.0,0.0
533288236,0.0,0.0,0.0,0.0,0.0,0.0,0.0,0.0,0.0
533288718,0.0,0.0,0.0,0.0,0.0,0.0,0.0,0.0,0.0
533288743,0.0,0.0,0.0,0.0,0.0,0.0,0.0,0.0,0.0
533289020,0.0,0.0,0.0,0.0,0.0,0.0,0.0,0.0,0.0
533290582,0.0,0.0,0.0,0.0,0.0,0.0,0.0,0.0,0.0
533290584,0.0,0.0,0.0,0.0,0.0,0.0,0.0,0.0,0.0
533290817,0.0,0.0,0.0,0.0,0.0,0.0,0.0,0.0,0.0
533291917,0.0,0.0,0.0,0.0,0.0,0.0,0.0,0.0,0.0
533292328,0.0,0.0,0.0,0.0,0.0,0.0,0.0,0.0,0.0
533293510,0.0,0.0,0.0,0.0,0.0,0.0,0.0,0.0,0.0
533293853,0.0,0.0,0.0,0.0,0.0,0.0,0.0,0.0,0.0
533293874,0.0,0.0,0.0,0.0,0.0,0.0,0.0,0.0,0.0
533293970,0.0,0.0,0.0,0.0,0.0,0.0,0.0,0.0,0.0
533294166,0.0,0.0,0.0,0.0,0.0,0.0,0.0,0.0,0.0
533294201,0.0,0.0,0.0,0.0,0.0,0.0,0.0,0.0,0.0
533294214,0.0,0.0,0.0,0.0,0.0,0.0,0.0,0.0,0.0
533294269,0.0,0.0,0.0,0.0,0.0,0.0,0.0,0.0,0.0
533294280,0.0,0.0,0.0,0.0,0.0,0.0,0.0,0.0,0.0
533295339,0.0,0.0,0.0,0.0,0.0,0.0,0.0,0.0,0.0
533295429,0.0,0.0,0.0,0.0,0.0,0.0,0.0,0.0,0.0
533296483,0.0,0.0,0.0,0.0,0.0,0.0,0.0,0.0,0.0
533297801,0.0,0.0,0.0,0.0,0.0,0.0,0.0,0.0,0.0
533297907,0.0,0.0,0.0,0.0,0.0,0.0,0.0,0.0,0.0
589557727,0.0,0.0,0.0,0.0,0.0,0.0,0.0,0.0,0.0
589561745,0.0,0.0,0.0,0.0,0.0,0.0,0.0,0.0,0.0
589566223,0.0,0.0,0.0,0.0,0.0,0.0,0.0,0.0,0.0
589569117,0.0,0.0,0.0,0.0,0.0,0.0,0.0,0.0,0.0
589569950,0.0,0.0,0.0,0.0,0.0,0.0,0.0,0.0,0.0
589570061,0.0,0.0,0.0,0.0,0.0,0.0,0.0,0.0,0.0
589570487,0.0,0.0,0.0,0.0,0.0,0.0,0.0,0.0,0.0
589570489,0.0,0.0,0.0,0.0,0.0,0.0,0.0,0.0,0.0
589571551,0.0,0.0,0.0,0.0,0.0,0.0,0.0,0.0,0.0
589572579,0.0,0.0,0.0,0.0,0.0,0.0,0.0,0.0,0.0
589572580,0.0,0.0,0.0,0.0,0.0,0.0,0.0,0.0,0.0
589573474,0.0,0.0,0.0,0.0,0.0,0.0,0.0,0.0,0.0
589573874,0.0,0.0,0.0,0.0,0.0,0.0,0.0,0.0,0.0
589574988,0.0,0.0,0.0,0.0,0.0,0.0,0.0,0.0,0.0
589575044,0.0,0.0,0.0,0.0,0.0,0.0,0.0,0.0,0.0
589575060,0.0,0.0,0.0,0.0,0.0,0.0,0.0,0.0,0.0
589575078,0.0,0.0,0.0,0.0,0.0,0.0,0.0,0.0,0.0
589575286,0.0,0.0,0.0,0.0,0.0,0.0,0.0,0.0,0.0
589577054,0.0,0.0,0.0,0.0,0.0,0.0,0.0,0.0,0.0
589578162,0.0,0.0,0.0,0.0,0.0,0.0,0.0,0.0,0.0
589578861,0.0,0.0,0.0,0.0,0.0,0.0,0.0,0.0,0.0
589579781,0.0,0.0,0.0,0.0,0.0,0.0,0.0,0.0,0.0
589580528,0.0,0.0,0.0,0.0,0.0,0.0,0.0,0.0,0.0
589580564,0.0,0.0,0.0,0.0,0.0,0.0,0.0,0.0,0.0
589582540,0.0,0.0,0.0,0.0,0.0,0.0,0.0,0.0,0.0
589583482,0.0,0.0,0.0,0.0,0.0,0.0,0.0,0.0,0.0
589584716,0.0,0.0,0.0,0.0,0.0,0.0,0.0,0.0,0.0
589585690,0.0,0.0,0.0,0.0,0.0,0.0,0.0,0.0,0.0
589586337,0.0,0.0,0.0,0.0,0.0,0.0,0.0,0.0,0.0
589587263,0.0,0.0,0.0,0.0,0.0,0.0,0.0,0.0,0.0
589588472,0.0,0.0,0.0,0.0,0.0,0.0,0.0,0.0,0.0
589589960,0.0,0.0,0.0,0.0,0.0,0.0,0.0,0.0,0.0
589590560,0.0,0.0,0.0,0.0,0.0,0.0,0.0,0.0,0.0
589592645,0.0,0.0,0.0,0.0,0.0,0.0,0.0,0.0,0.0
589595488,0.0,0.0,0.0,0.0,0.0,0.0,0.0,0.0,0.0
589595509,0.0,0.0,0.0,0.0,0.0,0.0,0.0,0.0,0.0
589602405,0.0,0.0,0.0,0.0,0.0,0.0,0.0,0.0,0.0
589602766,0.0,0.0,0.0,0.0,0.0,0.0,0.0,0.0,0.0
589603220,0.0,0.0,0.0,0.0,0.0,0.0,0.0,0.0,0.0
589603540,0.0,0.0,0.0,0.0,0.0,0.0,0.0,0.0,0.0
589604163,0.0,0.0,0.0,0.0,0.0,0.0,0.0,0.0,0.0
589605780,0.0,0.0,0.0,0.0,0.0,0.0,0.0,0.0,0.0
589605823,0.0,0.0,0.0,0.0,0.0,0.0,0.0,0.0,0.0
589606661,0.0,0.0,0.0,0.0,0.0,0.0,0.0,0.0,0.0
589608416,0.0,0.0,0.0,0.0,0.0,0.0,0.0,0.0,0.0
589611604,0.0,0.0,0.0,0.0,0.0,0.0,0.0,0.0,0.0
589613063,0.0,0.0,0.0,0.0,0.0,0.0,0.0,0.0,0.0
589613683,0.0,0.0,0.0,0.0,0.0,0.0,0.0,0.0,0.0
589617107,0.0,0.0,0.0,0.0,0.0,0.0,0.0,0.0,0.0
589618208,0.0,0.0,0.0,0.0,0.0,0.0,0.0,0.0,0.0
589620671,0.0,0.0,0.0,0.0,0.0,0.0,0.0,0.0,0.0
589620870,0.0,0.0,0.0,0.0,0.0,0.0,0.0,0.0,0.0
589620994,0.0,0.0,0.0,0.0,0.0,0.0,0.0,0.0,0.0
589621600,0.0,0.0,0.0,0.0,0.0,0.0,0.0,0.0,0.0
589621801,0.0,0.0,0.0,0.0,0.0,0.0,0.0,0.0,0.0
589621949,0.0,0.0,0.0,0.0,0.0,0.0,0.0,0.0,0.0
589622522,0.0,0.0,0.0,0.0,0.0,0.0,0.0,0.0,0.0
589626768,0.0,0.0,0.0,0.0,0.0,0.0,0.0,0.0,0.0
589626847,0.0,0.0,0.0,0.0,0.0,0.0,0.0,0.0,0.0
589628335,0.0,0.0,0.0,0.0,0.0,0.0,0.0,0.0,0.0
589628489,0.0,0.0,0.0,0.0,0.0,0.0,0.0,0.0,0.0
589628550,0.0,0.0,0.0,0.0,0.0,0.0,0.0,0.0,0.0
589628608,0.0,0.0,0.0,0.0,0.0,0.0,0.0,0.0,0.0
589628986,0.0,0.0,0.0,0.0,0.0,0.0,0.0,0.0,0.0
589630160,0.0,0.0,0.0,0.0,0.0,0.0,0.0,0.0,0.0
589633556,0.0,0.0,0.0,0.0,0.0,0.0,0.0,0.0,0.0
589634160,0.0,0.0,0.0,0.0,0.0,0.0,0.0,0.0,0.0
589635357,0.0,0.0,0.0,0.0,0.0,0.0,0.0,0.0,0.0
589637307,0.0,0.0,0.0,0.0,0.0,0.0,0.0,0.0,0.0
589638826,0.0,0.0,0.0,0.0,0.0,0.0,0.0,0.0,0.0
589639462,0.0,0.0,0.0,0.0,0.0,0.0,0.0,0.0,0.0
589639744,0.0,0.0,0.0,0.0,0.0,0.0,0.0,0.0,0.0
589641076,0.0,0.0,0.0,0.0,0.0,0.0,0.0,0.0,0.0
589642050,0.0,0.0,0.0,0.0,0.0,0.0,0.0,0.0,0.0
589642482,0.0,0.0,0.0,0.0,0.0,0.0,0.0,0.0,0.0
589643196,0.0,0.0,0.0,0.0,0.0,0.0,0.0,0.0,0.0
589644881,0.0,0.0,0.0,0.0,0.0,0.0,0.0,0.0,0.0
589645040,0.0,0.0,0.0,0.0,0.0,0.0,0.0,0.0,0.0
589645063,0.0,0.0,0.0,0.0,0.0,0.0,0.0,0.0,0.0
589645210,0.0,0.0,0.0,0.0,0.0,0.0,0.0,0.0,0.0
589645235,0.0,0.0,0.0,0.0,0.0,0.0,0.0,0.0,0.0
589645264,0.0,0.0,0.0,0.0,0.0,0.0,0.0,0.0,0.0
589645363,0.0,0.0,0.0,0.0,0.0,0.0,0.0,0.0,0.0
589645466,0.0,0.0,0.0,0.0,0.0,0.0,0.0,0.0,0.0
589646466,0.0,0.0,0.0,0.0,0.0,0.0,0.0,0.0,0.0
589646632,0.0,0.0,0.0,0.0,0.0,0.0,0.0,0.0,0.0
589646688,0.0,0.0,0.0,0.0,0.0,0.0,0.0,0.0,0.0
589646797,0.0,0.0,0.0,0.0,0.0,0.0,0.0,0.0,0.0
589646862,0.0,0.0,0.0,0.0,0.0,0.0,0.0,0.0,0.0
589648314,0.0,0.0,0.0,0.0,0.0,0.0,0.0,0.0,0.0
589649551,0.0,0.0,0.0,0.0,0.0,0.0,0.0,0.0,0.0
589649953,0.0,0.0,0.0,0.0,0.0,0.0,0.0,0.0,0.0
589650138,0.0,0.0,0.0,0.0,0.0,0.0,0.0,0.0,0.0
589650780,0.0,0.0,0.0,0.0,0.0,0.0,0.0,0.0,0.0
589652247,0.0,0.0,0.0,0.0,0.0,0.0,0.0,0.0,0.0
589654014,0.0,0.0,0.0,0.0,0.0,0.0,0.0,0.0,0.0
589654034,0.0,0.0,0.0,0.0,0.0,0.0,0.0,0.0,0.0
589654154,0.0,0.0,0.0,0.0,0.0,0.0,0.0,0.0,0.0
589654176,0.0,0.0,0.0,0.0,0.0,0.0,0.0,0.0,0.0
589654183,0.0,0.0,0.0,0.0,0.0,0.0,0.0,0.0,0.0
589654280,0.0,0.0,0.0,0.0,0.0,0.0,0.0,0.0,0.0
589654379,0.0,0.0,0.0,0.0,0.0,0.0,0.0,0.0,0.0
589654778,0.0,0.0,0.0,0.0,0.0,0.0,0.0,0.0,0.0
589654997,0.0,0.0,0.0,0.0,0.0,0.0,0.0,0.0,0.0
589655191,0.0,0.0,0.0,0.0,0.0,0.0,0.0,0.0,0.0
589655314,0.0,0.0,0.0,0.0,0.0,0.0,0.0,0.0,0.0
589655401,0.0,0.0,0.0,0.0,0.0,0.0,0.0,0.0,0.0
589655420,0.0,0.0,0.0,0.0,0.0,0.0,0.0,0.0,0.0
589655704,0.0,0.0,0.0,0.0,0.0,0.0,0.0,0.0,0.0
589655845,0.0,0.0,0.0,0.0,0.0,0.0,0.0,0.0,0.0
589655876,0.0,0.0,0.0,0.0,0.0,0.0,0.0,0.0,0.0
589655913,0.0,0.0,0.0,0.0,0.0,0.0,0.0,0.0,0.0
589656289,0.0,0.0,0.0,0.0,0.0,0.0,0.0,0.0,0.0
589656347,0.0,0.0,0.0,0.0,0.0,0.0,0.0,0.0,0.0
589656594,0.0,0.0,0.0,0.0,0.0,0.0,0.0,0.0,0.0
589656969,0.0,0.0,0.0,0.0,0.0,0.0,0.0,0.0,0.0
589656997,0.0,0.0,0.0,0.0,0.0,0.0,0.0,0.0,0.0
589657024,0.0,0.0,0.0,0.0,0.0,0.0,0.0,0.0,0.0
589657428,0.0,0.0,0.0,0.0,0.0,0.0,0.0,0.0,0.0
589658507,0.0,0.0,0.0,0.0,0.0,0.0,0.0,0.0,0.0
589658589,0.0,0.0,0.0,0.0,0.0,0.0,0.0,0.0,0.0
589658819,0.0,0.0,0.0,0.0,0.0,0.0,0.0,0.0,0.0
589659155,0.0,0.0,0.0,0.0,0.0,0.0,0.0,0.0,0.0
589659326,0.0,0.0,0.0,0.0,0.0,0.0,0.0,0.0,0.0
589659508,0.0,0.0,0.0,0.0,0.0,0.0,0.0,0.0,0.0
589660168,0.0,0.0,0.0,0.0,0.0,0.0,0.0,0.0,0.0
589660415,0.0,0.0,0.0,0.0,0.0,0.0,0.0,0.0,0.0
589660452,0.0,0.0,0.0,0.0,0.0,0.0,0.0,0.0,0.0
589660696,0.0,0.0,0.0,0.0,0.0,0.0,0.0,0.0,0.0
589660762,0.0,0.0,0.0,0.0,0.0,0.0,0.0,0.0,0.0
589661376,0.0,0.0,0.0,0.0,0.0,0.0,0.0,0.0,0.0
589662414,0.0,0.0,0.0,0.0,0.0,0.0,0.0,0.0,0.0
589662481,0.0,0.0,0.0,0.0,0.0,0.0,0.0,0.0,0.0
589662575,0.0,0.0,0.0,0.0,0.0,0.0,0.0,0.0,0.0
589662718,0.0,0.0,0.0,0.0,0.0,0.0,0.0,0.0,0.0
589662935,0.0,0.0,0.0,0.0,0.0,0.0,0.0,0.0,0.0
589664264,0.0,0.0,0.0,0.0,0.0,0.0,0.0,0.0,0.0
589664422,0.0,0.0,0.0,0.0,0.0,0.0,0.0,0.0,0.0
589664612,0.0,0.0,0.0,0.0,0.0,0.0,0.0,0.0,0.0
589664785,0.0,0.0,0.0,0.0,0.0,0.0,0.0,0.0,0.0
589665151,0.0,0.0,0.0,0.0,0.0,0.0,0.0,0.0,0.0
589665712,0.0,0.0,0.0,0.0,0.0,0.0,0.0,0.0,0.0
589665871,0.0,0.0,0.0,0.0,0.0,0.0,0.0,0.0,0.0
589665881,0.0,0.0,0.0,0.0,0.0,0.0,0.0,0.0,0.0
589665931,0.0,0.0,0.0,0.0,0.0,0.0,0.0,0.0,0.0
589666035,0.0,0.0,0.0,0.0,0.0,0.0,0.0,0.0,0.0
589666037,0.0,0.0,0.0,0.0,0.0,0.0,0.0,0.0,0.0
589666050,0.0,0.0,0.0,0.0,0.0,0.0,0.0,0.0,0.0
589667016,0.0,0.0,0.0,0.0,0.0,0.0,0.0,0.0,0.0
589667061,0.0,0.0,0.0,0.0,0.0,0.0,0.0,0.0,0.0
589667121,0.0,0.0,0.0,0.0,0.0,0.0,0.0,0.0,0.0
589667280,0.0,0.0,0.0,0.0,0.0,0.0,0.0,0.0,0.0
589668178,0.0,0.0,0.0,0.0,0.0,0.0,0.0,0.0,0.0
589669967,0.0,0.0,0.0,0.0,0.0,0.0,0.0,0.0,0.0
589670413,0.0,0.0,0.0,0.0,0.0,0.0,0.0,0.0,0.0
589670559,0.0,0.0,0.0,0.0,0.0,0.0,0.0,0.0,0.0
589671370,0.0,0.0,0.0,0.0,0.0,0.0,0.0,0.0,0.0
589672410,0.0,0.0,0.0,0.0,0.0,0.0,0.0,0.0,0.0
589672725,0.0,0.0,0.0,0.0,0.0,0.0,0.0,0.0,0.0
589673081,0.0,0.0,0.0,0.0,0.0,0.0,0.0,0.0,0.0
589673223,0.0,0.0,0.0,0.0,0.0,0.0,0.0,0.0,0.0
589673447,0.0,0.0,0.0,0.0,0.0,0.0,0.0,0.0,0.0
589673567,0.0,0.0,0.0,0.0,0.0,0.0,0.0,0.0,0.0
589673733,0.0,0.0,0.0,0.0,0.0,0.0,0.0,0.0,0.0
589674007,0.0,0.0,0.0,0.0,0.0,0.0,0.0,0.0,0.0
589675810,0.0,0.0,0.0,0.0,0.0,0.0,0.0,0.0,0.0
589676011,0.0,0.0,0.0,0.0,0.0,0.0,0.0,0.0,0.0
589676630,0.0,0.0,0.0,0.0,0.0,0.0,0.0,0.0,0.0
589676857,0.0,0.0,0.0,0.0,0.0,0.0,0.0,0.0,0.0
589676979,0.0,0.0,0.0,0.0,0.0,0.0,0.0,0.0,0.0
589679195,0.0,0.0,0.0,0.0,0.0,0.0,0.0,0.0,0.0
589679886,0.0,0.0,0.0,0.0,0.0,0.0,0.0,0.0,0.0
589679904,0.0,0.0,0.0,0.0,0.0,0.0,0.0,0.0,0.0
589680591,0.0,0.0,0.0,0.0,0.0,0.0,0.0,0.0,0.0
589681462,0.0,0.0,0.0,0.0,0.0,0.0,0.0,0.0,0.0
589682555,0.0,0.0,0.0,0.0,0.0,0.0,0.0,0.0,0.0
589682867,0.0,0.0,0.0,0.0,0.0,0.0,0.0,0.0,0.0
589684413,0.0,0.0,0.0,0.0,0.0,0.0,0.0,0.0,0.0
589684827,0.0,0.0,0.0,0.0,0.0,0.0,0.0,0.0,0.0
589684864,0.0,0.0,0.0,0.0,0.0,0.0,0.0,0.0,0.0
589685081,0.0,0.0,0.0,0.0,0.0,0.0,0.0,0.0,0.0
589685100,0.0,0.0,0.0,0.0,0.0,0.0,0.0,0.0,0.0
589685160,0.0,0.0,0.0,0.0,0.0,0.0,0.0,0.0,0.0
589688360,0.0,0.0,0.0,0.0,0.0,0.0,0.0,0.0,0.0
589688604,0.0,0.0,0.0,0.0,0.0,0.0,0.0,0.0,0.0
589688616,0.0,0.0,0.0,0.0,0.0,0.0,0.0,0.0,0.0
589688722,0.0,0.0,0.0,0.0,0.0,0.0,0.0,0.0,0.0
589688801,0.0,0.0,0.0,0.0,0.0,0.0,0.0,0.0,0.0
589689732,0.0,0.0,0.0,0.0,0.0,0.0,0.0,0.0,0.0
589689931,0.0,0.0,0.0,0.0,0.0,0.0,0.0,0.0,0.0
589690006,0.0,0.0,0.0,0.0,0.0,0.0,0.0,0.0,0.0
589690188,0.0,0.0,0.0,0.0,0.0,0.0,0.0,0.0,0.0
589690306,0.0,0.0,0.0,0.0,0.0,0.0,0.0,0.0,0.0
589690787,0.0,0.0,0.0,0.0,0.0,0.0,0.0,0.0,0.0
589693943,0.0,0.0,0.0,0.0,0.0,0.0,0.0,0.0,0.0
589694191,0.0,0.0,0.0,0.0,0.0,0.0,0.0,0.0,0.0
589694200,0.0,0.0,0.0,0.0,0.0,0.0,0.0,0.0,0.0
589694392,0.0,0.0,0.0,0.0,0.0,0.0,0.0,0.0,0.0
589696112,0.0,0.0,0.0,0.0,0.0,0.0,0.0,0.0,0.0
589696361,0.0,0.0,0.0,0.0,0.0,0.0,0.0,0.0,0.0
589696723,0.0,0.0,0.0,0.0,0.0,0.0,0.0,0.0,0.0
589697175,0.0,0.0,0.0,0.0,0.0,0.0,0.0,0.0,0.0
589697302,0.0,0.0,0.0,0.0,0.0,0.0,0.0,0.0,0.0
589697529,0.0,0.0,0.0,0.0,0.0,0.0,0.0,0.0,0.0
589697812,0.0,0.0,0.0,0.0,0.0,0.0,0.0,0.0,0.0
589697922,0.0,0.0,0.0,0.0,0.0,0.0,0.0,0.0,0.0
589700941,0.0,0.0,0.0,0.0,0.0,0.0,0.0,0.0,0.0
589701301,0.0,0.0,0.0,0.0,0.0,0.0,0.0,0.0,0.0
589701406,0.0,0.0,0.0,0.0,0.0,0.0,0.0,0.0,0.0
589701442,0.0,0.0,0.0,0.0,0.0,0.0,0.0,0.0,0.0
589704957,0.0,0.0,0.0,0.0,0.0,0.0,0.0,0.0,0.0
589705018,0.0,0.0,0.0,0.0,0.0,0.0,0.0,0.0,0.0
589705042,0.0,0.0,0.0,0.0,0.0,0.0,0.0,0.0,0.0
589705510,0.0,0.0,0.0,0.0,0.0,0.0,0.0,0.0,0.0
589705898,0.0,0.0,0.0,0.0,0.0,0.0,0.0,0.0,0.0
589706024,0.0,0.0,0.0,0.0,0.0,0.0,0.0,0.0,0.0
589706264,0.0,0.0,0.0,0.0,0.0,0.0,0.0,0.0,0.0
589706502,0.0,0.0,0.0,0.0,0.0,0.0,0.0,0.0,0.0
589706644,0.0,0.0,0.0,0.0,0.0,0.0,0.0,0.0,0.0
589706707,0.0,0.0,0.0,0.0,0.0,0.0,0.0,0.0,0.0
589707916,0.0,0.0,0.0,0.0,0.0,0.0,0.0,0.0,0.0
589708408,0.0,0.0,0.0,0.0,0.0,0.0,0.0,0.0,0.0
589708651,0.0,0.0,0.0,0.0,0.0,0.0,0.0,0.0,0.0
589708749,0.0,0.0,0.0,0.0,0.0,0.0,0.0,0.0,0.0
589709256,0.0,0.0,0.0,0.0,0.0,0.0,0.0,0.0,0.0
589709407,0.0,0.0,0.0,0.0,0.0,0.0,0.0,0.0,0.0
589709560,0.0,0.0,0.0,0.0,0.0,0.0,0.0,0.0,0.0
589709628,0.0,0.0,0.0,0.0,0.0,0.0,0.0,0.0,0.0
589711120,0.0,0.0,0.0,0.0,0.0,0.0,0.0,0.0,0.0
589711142,0.0,0.0,0.0,0.0,0.0,0.0,0.0,0.0,0.0
589711313,0.0,0.0,0.0,0.0,0.0,0.0,0.0,0.0,0.0
589711439,0.0,0.0,0.0,0.0,0.0,0.0,0.0,0.0,0.0
589711493,0.0,0.0,0.0,0.0,0.0,0.0,0.0,0.0,0.0
589711515,0.0,0.0,0.0,0.0,0.0,0.0,0.0,0.0,0.0
589711963,0.0,0.0,0.0,0.0,0.0,0.0,0.0,0.0,0.0
589712145,0.0,0.0,0.0,0.0,0.0,0.0,0.0,0.0,0.0
589712387,0.0,0.0,0.0,0.0,0.0,0.0,0.0,0.0,0.0
589712456,0.0,0.0,0.0,0.0,0.0,0.0,0.0,0.0,0.0
589712514,0.0,0.0,0.0,0.0,0.0,0.0,0.0,0.0,0.0
589714985,0.0,0.0,0.0,0.0,0.0,0.0,0.0,0.0,0.0
589715234,0.0,0.0,0.0,0.0,0.0,0.0,0.0,0.0,0.0
589715303,0.0,0.0,0.0,0.0,0.0,0.0,0.0,0.0,0.0
589715632,0.0,0.0,0.0,0.0,0.0,0.0,0.0,0.0,0.0
589717387,0.0,0.0,0.0,0.0,0.0,0.0,0.0,0.0,0.0
589717441,0.0,0.0,0.0,0.0,0.0,0.0,0.0,0.0,0.0
589717612,0.0,0.0,0.0,0.0,0.0,0.0,0.0,0.0,0.0
589717921,0.0,0.0,0.0,0.0,0.0,0.0,0.0,0.0,0.0
589719256,0.0,0.0,0.0,0.0,0.0,0.0,0.0,0.0,0.0
589719299,0.0,0.0,0.0,0.0,0.0,0.0,0.0,0.0,0.0
589719695,0.0,0.0,0.0,0.0,0.0,0.0,0.0,0.0,0.0
589719855,0.0,0.0,0.0,0.0,0.0,0.0,0.0,0.0,0.0
589719875,0.0,0.0,0.0,0.0,0.0,0.0,0.0,0.0,0.0
589720121,0.0,0.0,0.0,0.0,0.0,0.0,0.0,0.0,0.0
589720220,0.0,0.0,0.0,0.0,0.0,0.0,0.0,0.0,0.0
589720232,0.0,0.0,0.0,0.0,0.0,0.0,0.0,0.0,0.0
589720263,0.0,0.0,0.0,0.0,0.0,0.0,0.0,0.0,0.0
589720415,0.0,0.0,0.0,0.0,0.0,0.0,0.0,0.0,0.0
589720507,0.0,0.0,0.0,0.0,0.0,0.0,0.0,0.0,0.0
589720532,0.0,0.0,0.0,0.0,0.0,0.0,0.0,0.0,0.0
589720592,0.0,0.0,0.0,0.0,0.0,0.0,0.0,0.0,0.0
589720619,0.0,0.0,0.0,0.0,0.0,0.0,0.0,0.0,0.0
589721255,0.0,0.0,0.0,0.0,0.0,0.0,0.0,0.0,0.0
589722187,0.0,0.0,0.0,0.0,0.0,0.0,0.0,0.0,0.0
589722624,0.0,0.0,0.0,0.0,0.0,0.0,0.0,0.0,0.0
589722707,0.0,0.0,0.0,0.0,0.0,0.0,0.0,0.0,0.0
589724520,0.0,0.0,0.0,0.0,0.0,0.0,0.0,0.0,0.0
589725904,0.0,0.0,0.0,0.0,0.0,0.0,0.0,0.0,0.0
589726148,0.0,0.0,0.0,0.0,0.0,0.0,0.0,0.0,0.0
589726215,0.0,0.0,0.0,0.0,0.0,0.0,0.0,0.0,0.0
589726486,0.0,0.0,0.0,0.0,0.0,0.0,0.0,0.0,0.0
589726620,0.0,0.0,0.0,0.0,0.0,0.0,0.0,0.0,0.0
589726946,0.0,0.0,0.0,0.0,0.0,0.0,0.0,0.0,0.0
589728262,0.0,0.0,0.0,0.0,0.0,0.0,0.0,0.0,0.0
589728314,0.0,0.0,0.0,0.0,0.0,0.0,0.0,0.0,0.0
589728978,0.0,0.0,0.0,0.0,0.0,0.0,0.0,0.0,0.0
589729079,0.0,0.0,0.0,0.0,0.0,0.0,0.0,0.0,0.0
589729207,0.0,0.0,0.0,0.0,0.0,0.0,0.0,0.0,0.0
589729216,0.0,0.0,0.0,0.0,0.0,0.0,0.0,0.0,0.0
589729255,0.0,0.0,0.0,0.0,0.0,0.0,0.0,0.0,0.0
589729267,0.0,0.0,0.0,0.0,0.0,0.0,0.0,0.0,0.0
589729478,0.0,0.0,0.0,0.0,0.0,0.0,0.0,0.0,0.0
589729588,0.0,0.0,0.0,0.0,0.0,0.0,0.0,0.0,0.0
589729893,0.0,0.0,0.0,0.0,0.0,0.0,0.0,0.0,0.0
589730251,0.0,0.0,0.0,0.0,0.0,0.0,0.0,0.0,0.0
589730431,0.0,0.0,0.0,0.0,0.0,0.0,0.0,0.0,0.0
589730593,0.0,0.0,0.0,0.0,0.0,0.0,0.0,0.0,0.0
589731302,0.0,0.0,0.0,0.0,0.0,0.0,0.0,0.0,0.0
589732668,0.0,0.0,0.0,0.0,0.0,0.0,0.0,0.0,0.0
589733071,0.0,0.0,0.0,0.0,0.0,0.0,0.0,0.0,0.0
589733106,0.0,0.0,0.0,0.0,0.0,0.0,0.0,0.0,0.0
589733262,0.0,0.0,0.0,0.0,0.0,0.0,0.0,0.0,0.0
589733357,0.0,0.0,0.0,0.0,0.0,0.0,0.0,0.0,0.0
589733365,0.0,0.0,0.0,0.0,0.0,0.0,0.0,0.0,0.0
589733384,0.0,0.0,0.0,0.0,0.0,0.0,0.0,0.0,0.0
589733455,0.0,0.0,0.0,0.0,0.0,0.0,0.0,0.0,0.0
589733506,0.0,0.0,0.0,0.0,0.0,0.0,0.0,0.0,0.0
589733753,0.0,0.0,0.0,0.0,0.0,0.0,0.0,0.0,0.0
589733914,0.0,0.0,0.0,0.0,0.0,0.0,0.0,0.0,0.0
589734589,0.0,0.0,0.0,0.0,0.0,0.0,0.0,0.0,0.0
589734601,0.0,0.0,0.0,0.0,0.0,0.0,0.0,0.0,0.0
589735157,0.0,0.0,0.0,0.0,0.0,0.0,0.0,0.0,0.0
589735318,0.0,0.0,0.0,0.0,0.0,0.0,0.0,0.0,0.0
589735967,0.0,0.0,0.0,0.0,0.0,0.0,0.0,0.0,0.0
